driverId,url,GivenName,FamilyName,DateOfBirth,Nationality
bearman,http://en.wikipedia.org/wiki/Oliver_Bearman,Oliver,Bearman,08/05/2005,British
lawson,http://en.wikipedia.org/wiki/Liam_Lawson,Liam,Lawson,11/02/2002,New Zealander
piastri,http://en.wikipedia.org/wiki/Oscar_Piastri,Oscar,Piastri,06/04/2001,Australian
sargeant,http://en.wikipedia.org/wiki/Logan_Sargeant,Logan,Sargeant,31/12/2000,American
tsunoda,http://en.wikipedia.org/wiki/Yuki_Tsunoda,Yuki,Tsunoda,11/05/2000,Japanese
norris,http://en.wikipedia.org/wiki/Lando_Norris,Lando,Norris,13/11/1999,British
zhou,http://en.wikipedia.org/wiki/Zhou_Guanyu,Guanyu,Zhou,30/05/1999,Chinese
mick_schumacher,http://en.wikipedia.org/wiki/Mick_Schumacher,Mick,Schumacher,22/03/1999,German
mazepin,http://en.wikipedia.org/wiki/Nikita_Mazepin,Nikita,Mazepin,02/03/1999,Russian
stroll,http://en.wikipedia.org/wiki/Lance_Stroll,Lance,Stroll,29/10/1998,Canadian
russell,http://en.wikipedia.org/wiki/George_Russell_(racing_driver),George,Russell,15/02/1998,British
leclerc,http://en.wikipedia.org/wiki/Charles_Leclerc,Charles,Leclerc,16/10/1997,Monegasque
max_verstappen,http://en.wikipedia.org/wiki/Max_Verstappen,Max,Verstappen,30/09/1997,Dutch
ocon,http://en.wikipedia.org/wiki/Esteban_Ocon,Esteban,Ocon,17/09/1996,French
pietro_fittipaldi,http://en.wikipedia.org/wiki/Pietro_Fittipaldi,Pietro,Fittipaldi,25/06/1996,Brazilian
albon,http://en.wikipedia.org/wiki/Alexander_Albon,Alexander,Albon,23/03/1996,Thai
gasly,http://en.wikipedia.org/wiki/Pierre_Gasly,Pierre,Gasly,07/02/1996,French
aitken,http://en.wikipedia.org/wiki/Jack_Aitken,Jack,Aitken,23/09/1995,British
sirotkin,http://en.wikipedia.org/wiki/Sergey_Sirotkin_(racing_driver),Sergey,Sirotkin,27/08/1995,Russian
latifi,http://en.wikipedia.org/wiki/Nicholas_Latifi,Nicholas,Latifi,29/06/1995,Canadian
de_vries,http://en.wikipedia.org/wiki/Nyck_de_Vries,Nyck,de Vries,06/02/1995,Dutch
wehrlein,http://en.wikipedia.org/wiki/Pascal_Wehrlein,Pascal,Wehrlein,18/10/1994,German
sainz,http://en.wikipedia.org/wiki/Carlos_Sainz_Jr.,Carlos,Sainz,01/09/1994,Spanish
kvyat,http://en.wikipedia.org/wiki/Daniil_Kvyat,Daniil,Kvyat,26/04/1994,Russian
giovinazzi,http://en.wikipedia.org/wiki/Antonio_Giovinazzi,Antonio,Giovinazzi,14/12/1993,Italian
haryanto,http://en.wikipedia.org/wiki/Rio_Haryanto,Rio,Haryanto,22/01/1993,Indonesian
kevin_magnussen,http://en.wikipedia.org/wiki/Kevin_Magnussen,Kevin,Magnussen,05/10/1992,Danish
nasr,http://en.wikipedia.org/wiki/Felipe_Nasr,Felipe,Nasr,21/08/1992,Brazilian
vandoorne,http://en.wikipedia.org/wiki/Stoffel_Vandoorne,Stoffel,Vandoorne,26/03/1992,Belgian
rossi,http://en.wikipedia.org/wiki/Alexander_Rossi_%28racing_driver%29,Alexander,Rossi,25/09/1991,American
gutierrez,http://en.wikipedia.org/wiki/Esteban_Guti%C3%A9rrez,Esteban,Gutierrez,05/08/1991,Mexican
stevens,http://en.wikipedia.org/wiki/Will_Stevens,Will,Stevens,28/06/1991,British
chilton,http://en.wikipedia.org/wiki/Max_Chilton,Max,Chilton,21/04/1991,British
merhi,http://en.wikipedia.org/wiki/Roberto_Merhi,Roberto,Merhi,22/03/1991,Spanish
jolyon_palmer,http://en.wikipedia.org/wiki/Jolyon_Palmer,Jolyon,Palmer,20/01/1991,British
ericsson,http://en.wikipedia.org/wiki/Marcus_Ericsson,Marcus,Ericsson,02/09/1990,Swedish
vergne,http://en.wikipedia.org/wiki/Jean-%C3%89ric_Vergne,Jean-Eric,Vergne,25/04/1990,French
alguersuari,http://en.wikipedia.org/wiki/Jaime_Alguersuari,Jaime,Alguersuari,23/03/1990,Spanish
pic,http://en.wikipedia.org/wiki/Charles_Pic,Charles,Pic,15/02/1990,French
perez,http://en.wikipedia.org/wiki/Sergio_P%C3%A9rez,Sergio,Perez,26/01/1990,Mexican
brendon_hartley,http://en.wikipedia.org/wiki/Brendon_Hartley,Brendon,Hartley,10/11/1989,New Zealander
bottas,http://en.wikipedia.org/wiki/Valtteri_Bottas,Valtteri,Bottas,28/08/1989,Finnish
jules_bianchi,http://en.wikipedia.org/wiki/Jules_Bianchi,Jules,Bianchi,03/08/1989,French
ricciardo,http://en.wikipedia.org/wiki/Daniel_Ricciardo,Daniel,Ricciardo,01/07/1989,Australian
buemi,http://en.wikipedia.org/wiki/S%C3%A9bastien_Buemi,Sebastien,Buemi,31/10/1988,Swiss
hulkenberg,http://en.wikipedia.org/wiki/Nico_H%C3%BClkenberg,Nico,Hulkenberg,19/08/1987,German
vettel,http://en.wikipedia.org/wiki/Sebastian_Vettel,Sebastian,Vettel,03/07/1987,German
kobayashi,http://en.wikipedia.org/wiki/Kamui_Kobayashi,Kamui,Kobayashi,13/09/1986,Japanese
grosjean,http://en.wikipedia.org/wiki/Romain_Grosjean,Romain,Grosjean,17/04/1986,French
resta,http://en.wikipedia.org/wiki/Paul_di_Resta,Paul,di Resta,16/04/1986,British
ambrosio,http://en.wikipedia.org/wiki/J%C3%A9r%C3%B4me_d%27Ambrosio,Jerome,d'Ambrosio,27/12/1985,Belgian
piquet_jr,"http://en.wikipedia.org/wiki/Nelson_Piquet,_Jr.",Nelson,Piquet Jr.,25/07/1985,Brazilian
rosberg,http://en.wikipedia.org/wiki/Nico_Rosberg,Nico,Rosberg,27/06/1985,German
garde,http://en.wikipedia.org/wiki/Giedo_van_der_Garde,Giedo,van der Garde,25/04/1985,Dutch
maldonado,http://en.wikipedia.org/wiki/Pastor_Maldonado,Pastor,Maldonado,09/03/1985,Venezuelan
nakajima,http://en.wikipedia.org/wiki/Kazuki_Nakajima,Kazuki,Nakajima,11/01/1985,Japanese
hamilton,http://en.wikipedia.org/wiki/Lewis_Hamilton,Lewis,Hamilton,07/01/1985,British
kubica,http://en.wikipedia.org/wiki/Robert_Kubica,Robert,Kubica,07/12/1984,Polish
petrov,http://en.wikipedia.org/wiki/Vitaly_Petrov,Vitaly,Petrov,08/09/1984,Russian
grassi,http://en.wikipedia.org/wiki/Lucas_di_Grassi,Lucas,di Grassi,11/08/1984,Brazilian
chandhok,http://en.wikipedia.org/wiki/Karun_Chandhok,Karun,Chandhok,19/01/1984,Indian
bruno_senna,http://en.wikipedia.org/wiki/Bruno_Senna,Bruno,Senna,15/10/1983,Brazilian
klien,http://en.wikipedia.org/wiki/Christian_Klien,Christian,Klien,07/02/1983,Austrian
speed,http://en.wikipedia.org/wiki/Scott_Speed,Scott,Speed,24/01/1983,American
sutil,http://en.wikipedia.org/wiki/Adrian_Sutil,Adrian,Sutil,11/01/1983,German
yamamoto,http://en.wikipedia.org/wiki/Sakon_Yamamoto,Sakon,Yamamoto,09/07/1982,Japanese
glock,http://en.wikipedia.org/wiki/Timo_Glock,Timo,Glock,18/03/1982,German
lotterer,http://en.wikipedia.org/wiki/Andr%C3%A9_Lotterer,Andre,Lotterer,19/11/1981,German
kovalainen,http://en.wikipedia.org/wiki/Heikki_Kovalainen,Heikki,Kovalainen,19/10/1981,Finnish
doornbos,http://en.wikipedia.org/wiki/Robert_Doornbos,Robert,Doornbos,23/09/1981,Dutch
alonso,http://en.wikipedia.org/wiki/Fernando_Alonso,Fernando,Alonso,29/07/1981,Spanish
bruni,http://en.wikipedia.org/wiki/Gianmaria_Bruni,Gianmaria,Bruni,30/05/1981,Italian
massa,http://en.wikipedia.org/wiki/Felipe_Massa,Felipe,Massa,25/04/1981,Brazilian
baumgartner,http://en.wikipedia.org/wiki/Zsolt_Baumgartner,Zsolt,Baumgartner,01/01/1981,Hungarian
friesacher,http://en.wikipedia.org/wiki/Patrick_Friesacher,Patrick,Friesacher,26/09/1980,Austrian
pizzonia,http://en.wikipedia.org/wiki/Ant%C3%B4nio_Pizzonia,Antonio,Pizzonia,11/09/1980,Brazilian
liuzzi,http://en.wikipedia.org/wiki/Vitantonio_Liuzzi,Vitantonio,Liuzzi,06/08/1980,Italian
markus_winkelhock,http://en.wikipedia.org/wiki/Markus_Winkelhock,Markus,Winkelhock,13/06/1980,German
button,http://en.wikipedia.org/wiki/Jenson_Button,Jenson,Button,19/01/1980,British
raikkonen,http://en.wikipedia.org/wiki/Kimi_R%C3%A4ikk%C3%B6nen,Kimi,Raikkonen,17/10/1979,Finnish
davidson,http://en.wikipedia.org/wiki/Anthony_Davidson,Anthony,Davidson,18/04/1979,British
albers,http://en.wikipedia.org/wiki/Christijan_Albers,Christijan,Albers,16/04/1979,Dutch
bourdais,http://en.wikipedia.org/wiki/S%C3%A9bastien_Bourdais,Sebastien,Bourdais,28/02/1979,French
pantano,http://en.wikipedia.org/wiki/Giorgio_Pantano,Giorgio,Pantano,04/02/1979,Italian
bernoldi,http://en.wikipedia.org/wiki/Enrique_Bernoldi,Enrique,Bernoldi,19/10/1978,Brazilian
wilson,http://en.wikipedia.org/wiki/Justin_Wilson_(racing_driver),Justin,Wilson,31/07/1978,British
tuero,http://en.wikipedia.org/wiki/Esteban_Tuero,Esteban,Tuero,22/04/1978,Argentine
kiesa,http://en.wikipedia.org/wiki/Nicolas_Kiesa,Nicolas,Kiesa,03/03/1978,Danish
montagny,http://en.wikipedia.org/wiki/Franck_Montagny,Franck,Montagny,05/01/1978,French
heidfeld,http://en.wikipedia.org/wiki/Nick_Heidfeld,Nick,Heidfeld,10/05/1977,German
sato,http://en.wikipedia.org/wiki/Takuma_Sato,Takuma,Sato,28/01/1977,Japanese
karthikeyan,http://en.wikipedia.org/wiki/Narain_Karthikeyan,Narain,Karthikeyan,14/01/1977,Indian
enge,http://en.wikipedia.org/wiki/Tom%C3%A1%C5%A1_Enge,Tomas,Enge,11/09/1976,Czech
webber,http://en.wikipedia.org/wiki/Mark_Webber_(racing_driver),Mark,Webber,27/08/1976,Australian
monteiro,http://en.wikipedia.org/wiki/Tiago_Monteiro,Tiago,Monteiro,24/07/1976,Portuguese
yoong,http://en.wikipedia.org/wiki/Alex_Yoong,Alex,Yoong,20/07/1976,Malaysian
zonta,http://en.wikipedia.org/wiki/Ricardo_Zonta,Ricardo,Zonta,23/03/1976,Brazilian
marques,http://en.wikipedia.org/wiki/Tarso_Marques,Tarso,Marques,19/01/1976,Brazilian
sarrazin,http://en.wikipedia.org/wiki/St%C3%A9phane_Sarrazin,Stephane,Sarrazin,02/11/1975,French
montoya,http://en.wikipedia.org/wiki/Juan_Pablo_Montoya,Juan,Pablo Montoya,20/09/1975,Colombian
ralf_schumacher,http://en.wikipedia.org/wiki/Ralf_Schumacher,Ralf,Schumacher,30/06/1975,German
firman,http://en.wikipedia.org/wiki/Ralph_Firman,Ralph,Firman,20/05/1975,Irish
mazzacane,http://en.wikipedia.org/wiki/Gast%C3%B3n_Mazzacane,Gaston,Mazzacane,08/05/1975,Argentine
burti,http://en.wikipedia.org/wiki/Luciano_Burti,Luciano,Burti,05/03/1975,Brazilian
ide,http://en.wikipedia.org/wiki/Yuji_Ide,Yuji,Ide,21/01/1975,Japanese
fontana,http://en.wikipedia.org/wiki/Norberto_Fontana,Norberto,Fontana,20/01/1975,Argentine
trulli,http://en.wikipedia.org/wiki/Jarno_Trulli,Jarno,Trulli,13/07/1974,Italian
gene,http://en.wikipedia.org/wiki/Marc_Gen%C3%A9,Marc,Gene,29/03/1974,Spanish
wurz,http://en.wikipedia.org/wiki/Alexander_Wurz,Alexander,Wurz,15/02/1974,Austrian
takagi,http://en.wikipedia.org/wiki/Toranosuke_Takagi,Toranosuke,Takagi,12/02/1974,Japanese
matta,http://en.wikipedia.org/wiki/Cristiano_da_Matta,Cristiano,da Matta,19/09/1973,Brazilian
magnussen,http://en.wikipedia.org/wiki/Jan_Magnussen,Jan,Magnussen,04/07/1973,Danish
fisichella,http://en.wikipedia.org/wiki/Giancarlo_Fisichella,Giancarlo,Fisichella,14/01/1973,Italian
barrichello,http://en.wikipedia.org/wiki/Rubens_Barrichello,Rubens,Barrichello,23/05/1972,Brazilian
lamy,http://en.wikipedia.org/wiki/Pedro_Lamy,Pedro,Lamy,20/03/1972,Portuguese
verstappen,http://en.wikipedia.org/wiki/Jos_Verstappen,Jos,Verstappen,04/03/1972,Dutch
villeneuve,http://en.wikipedia.org/wiki/Jacques_Villeneuve,Jacques,Villeneuve,09/04/1971,Canadian
nakano,http://en.wikipedia.org/wiki/Shinji_Nakano,Shinji,Nakano,01/04/1971,Japanese
coulthard,http://en.wikipedia.org/wiki/David_Coulthard,David,Coulthard,27/03/1971,British
rosa,http://en.wikipedia.org/wiki/Pedro_de_la_Rosa,Pedro,de la Rosa,24/02/1971,Spanish
badoer,http://en.wikipedia.org/wiki/Luca_Badoer,Luca,Badoer,25/01/1971,Italian
fittipaldi,http://en.wikipedia.org/wiki/Christian_Fittipaldi,Christian,Fittipaldi,18/01/1971,Brazilian
diniz,http://en.wikipedia.org/wiki/Pedro_Diniz,Pedro,Diniz,22/05/1970,Brazilian
mcnish,http://en.wikipedia.org/wiki/Allan_McNish,Allan,McNish,29/12/1969,British
boullion,http://en.wikipedia.org/wiki/Jean-Christophe_Boullion,Jean-Christophe,Boullion,27/12/1969,French
beretta,http://en.wikipedia.org/wiki/Olivier_Beretta,Olivier,Beretta,23/11/1969,Monegasque
adams,http://en.wikipedia.org/wiki/Philippe_Adams,Philippe,Adams,19/11/1969,Belgian
papis,http://en.wikipedia.org/wiki/Massimiliano_Papis,Massimiliano,Papis,03/10/1969,Italian
noda,http://en.wikipedia.org/wiki/Hideki_Noda,Hideki,Noda,07/03/1969,Japanese
michael_schumacher,http://en.wikipedia.org/wiki/Michael_Schumacher,Michael,Schumacher,03/01/1969,German
wendlinger,http://en.wikipedia.org/wiki/Karl_Wendlinger,Karl,Wendlinger,20/12/1968,Austrian
hakkinen,http://en.wikipedia.org/wiki/Mika_H%C3%A4kkinen,Mika,Hakkinen,28/09/1968,Finnish
lagorce,http://en.wikipedia.org/wiki/Franck_Lagorce,Franck,Lagorce,01/09/1968,French
rosset,http://en.wikipedia.org/wiki/Ricardo_Rosset,Ricardo,Rosset,27/07/1968,Brazilian
bartels,http://en.wikipedia.org/wiki/Michael_Bartels,Michael,Bartels,08/03/1968,German
naspetti,http://en.wikipedia.org/wiki/Emanuele_Naspetti,Emanuele,Naspetti,24/02/1968,Italian
morbidelli,http://en.wikipedia.org/wiki/Gianni_Morbidelli,Gianni,Morbidelli,13/01/1968,Italian
schiattarella,http://en.wikipedia.org/wiki/Domenico_Schiattarella,Domenico,Schiattarella,17/11/1967,Italian
frentzen,http://en.wikipedia.org/wiki/Heinz-Harald_Frentzen,Heinz-Harald,Frentzen,18/05/1967,German
salo,http://en.wikipedia.org/wiki/Mika_Salo,Mika,Salo,30/11/1966,Finnish
zanardi,http://en.wikipedia.org/wiki/Alex_Zanardi,Alessandro,Zanardi,23/10/1966,Italian
sospiri,http://en.wikipedia.org/wiki/Vincenzo_Sospiri,Vincenzo,Sospiri,07/10/1966,Italian
panis,http://en.wikipedia.org/wiki/Olivier_Panis,Olivier,Panis,02/09/1966,French
hattori,http://en.wikipedia.org/wiki/Naoki_Hattori,Naoki,Hattori,13/06/1966,Japanese
blundell,http://en.wikipedia.org/wiki/Mark_Blundell,Mark,Blundell,08/04/1966,British
lehto,http://en.wikipedia.org/wiki/Jyrki_J%C3%A4rvilehto,Jyrki,Jarvilehto,31/01/1966,Finnish
irvine,http://en.wikipedia.org/wiki/Eddie_Irvine,Eddie,Irvine,10/11/1965,British
apicella,http://en.wikipedia.org/wiki/Marco_Apicella,Marco,Apicella,07/10/1965,Italian
brabham,http://en.wikipedia.org/wiki/David_Brabham,David,Brabham,05/09/1965,Australian
foitek,http://en.wikipedia.org/wiki/Gregor_Foitek,Gregor,Foitek,27/03/1965,Swiss
chaves,http://en.wikipedia.org/wiki/Pedro_Chaves,Pedro,Chaves,27/02/1965,Portuguese
bertaggia,http://en.wikipedia.org/wiki/Enrico_Bertaggia,Enrico,Bertaggia,19/09/1964,Italian
bernard,http://en.wikipedia.org/wiki/%C3%89ric_Bernard,Eric,Bernard,24/08/1964,French
schneider,http://en.wikipedia.org/wiki/Bernd_Schneider_(racecar_driver),Bernd,Schneider,20/07/1964,German
herbert,http://en.wikipedia.org/wiki/Johnny_Herbert,Johnny,Herbert,25/06/1964,British
alesi,http://en.wikipedia.org/wiki/Jean_Alesi,Jean,Alesi,11/06/1964,French
montermini,http://en.wikipedia.org/wiki/Andrea_Montermini,Andrea,Montermini,30/05/1964,Italian
chiesa,http://en.wikipedia.org/wiki/Andrea_Chiesa,Andrea,Chiesa,06/05/1964,Swiss
donnelly,http://en.wikipedia.org/wiki/Martin_Donnelly_(racing_driver),Martin,Donnelly,26/03/1964,British
larini,http://en.wikipedia.org/wiki/Nicola_Larini,Nicola,Larini,19/03/1964,Italian
caffi,http://en.wikipedia.org/wiki/Alex_Caffi,Alex,Caffi,18/03/1964,Italian
deletraz,http://en.wikipedia.org/wiki/Jean-Denis_Deletraz,Jean-Denis,Deletraz,01/10/1963,Swiss
comas,http://en.wikipedia.org/wiki/%C3%89rik_Comas,Erik,Comas,28/09/1963,French
inoue,http://en.wikipedia.org/wiki/Taki_Inoue,Taki,Inoue,05/09/1963,Japanese
katayama,http://en.wikipedia.org/wiki/Ukyo_Katayama,Ukyo,Katayama,29/05/1963,Japanese
capelli,http://en.wikipedia.org/wiki/Ivan_Capelli,Ivan,Capelli,24/05/1963,Italian
modena,http://en.wikipedia.org/wiki/Stefano_Modena,Stefano,Modena,12/05/1963,Italian
belmondo,http://en.wikipedia.org/wiki/Paul_Belmondo,Paul,Belmondo,23/04/1963,French
gugelmin,http://en.wikipedia.org/wiki/Maur%C3%ADcio_Gugelmin,Mauricio,Gugelmin,20/04/1963,Brazilian
barbazza,http://en.wikipedia.org/wiki/Fabrizio_Barbazza,Fabrizio,Barbazza,02/04/1963,Italian
gounon,http://en.wikipedia.org/wiki/Jean-Marc_Gounon,Jean-Marc,Gounon,01/01/1963,French
gachot,http://en.wikipedia.org/wiki/Bertrand_Gachot,Bertrand,Gachot,23/12/1962,Belgian
andretti,http://en.wikipedia.org/wiki/Michael_Andretti,Michael,Andretti,05/10/1962,American
weidler,http://en.wikipedia.org/wiki/Volker_Weidler,Volker,Weidler,18/03/1962,German
tarquini,http://en.wikipedia.org/wiki/Gabriele_Tarquini,Gabriele,Tarquini,02/03/1962,Italian
pirro,http://en.wikipedia.org/wiki/Emanuele_Pirro,Emanuele,Pirro,12/01/1962,Italian
bailey,http://en.wikipedia.org/wiki/Julian_Bailey,Julian,Bailey,09/10/1961,British
poele,http://en.wikipedia.org/wiki/Eric_van_de_Poele,Eric,van de Poele,30/09/1961,Belgian
berg,http://en.wikipedia.org/wiki/Allen_Berg,Allen,Berg,01/08/1961,Canadian
dalmas,http://en.wikipedia.org/wiki/Yannick_Dalmas,Yannick,Dalmas,28/07/1961,French
raphanel,http://en.wikipedia.org/wiki/Pierre-Henri_Raphanel,Pierre-Henri,Raphanel,27/05/1961,French
martini,http://en.wikipedia.org/wiki/Pierluigi_Martini,Pierluigi,Martini,23/04/1961,Italian
barilla,http://en.wikipedia.org/wiki/Paolo_Barilla,Paolo,Barilla,20/04/1961,Italian
corrado_fabi,http://en.wikipedia.org/wiki/Corrado_Fabi,Corrado,Fabi,12/04/1961,Italian
thackwell,http://en.wikipedia.org/wiki/Mike_Thackwell,Mike,Thackwell,30/03/1961,New Zealander
gary_brabham,http://en.wikipedia.org/wiki/Gary_Brabham,Gary,Brabham,29/03/1961,Australian
mccarthy,http://en.wikipedia.org/wiki/Perry_McCarthy,Perry,McCarthy,03/03/1961,British
joachim_winkelhock,http://en.wikipedia.org/wiki/Joachim_Winkelhock,Joachim,Winkelhock,24/10/1960,German
damon_hill,http://en.wikipedia.org/wiki/Damon_Hill,Damon,Hill,17/09/1960,British
suzuki,http://en.wikipedia.org/wiki/Aguri_Suzuki,Aguri,Suzuki,08/09/1960,Japanese
langes,http://en.wikipedia.org/wiki/Claudio_Langes,Claudio,Langes,20/07/1960,Italian
ratzenberger,http://en.wikipedia.org/wiki/Roland_Ratzenberger,Roland,Ratzenberger,04/07/1960,Austrian
campos,http://en.wikipedia.org/wiki/Adri%C3%A1n_Campos,Adrian,Campos,17/06/1960,Spanish
senna,http://en.wikipedia.org/wiki/Ayrton_Senna,Ayrton,Senna,21/03/1960,Brazilian
fabre,http://en.wikipedia.org/wiki/Pascal_Fabre,Pascal,Fabre,09/01/1960,French
berger,http://en.wikipedia.org/wiki/Gerhard_Berger,Gerhard,Berger,27/08/1959,Austrian
amati,http://en.wikipedia.org/wiki/Giovanna_Amati,Giovanna,Amati,20/07/1959,Italian
nannini,http://en.wikipedia.org/wiki/Alessandro_Nannini,Alessandro,Nannini,07/07/1959,Italian
brundle,http://en.wikipedia.org/wiki/Martin_Brundle,Martin,Brundle,01/06/1959,British
cesaris,http://en.wikipedia.org/wiki/Andrea_de_Cesaris,Andrea,de Cesaris,31/05/1959,Italian
sala,http://en.wikipedia.org/wiki/Luis_Perez-Sala,Luis,Perez-Sala,15/05/1959,Spanish
moreno,http://en.wikipedia.org/wiki/Roberto_Moreno,Roberto,Moreno,11/02/1959,Brazilian
guerrero,http://en.wikipedia.org/wiki/Roberto_Guerrero,Roberto,Guerrero,16/11/1958,Colombian
forini,http://en.wikipedia.org/wiki/Franco_Forini,Franco,Forini,22/09/1958,Swiss
grouillard,http://en.wikipedia.org/wiki/Olivier_Grouillard,Olivier,Grouillard,02/09/1958,French
paletti,http://en.wikipedia.org/wiki/Riccardo_Paletti,Riccardo,Paletti,15/06/1958,Italian
byrne,http://en.wikipedia.org/wiki/Tommy_Byrne_%28racing_driver%29,Tommy,Byrne,06/05/1958,Irish
dumfries,http://en.wikipedia.org/wiki/Johnny_Dumfries,Johnny,Dumfries,26/04/1958,British
danner,http://en.wikipedia.org/wiki/Christian_Danner,Christian,Danner,04/04/1958,German
angelis,http://en.wikipedia.org/wiki/Elio_de_Angelis,Elio,de Angelis,26/03/1958,Italian
lavaggi,http://en.wikipedia.org/wiki/Giovanni_Lavaggi,Giovanni,Lavaggi,18/02/1958,Italian
cheever,http://en.wikipedia.org/wiki/Eddie_Cheever,Eddie,Cheever,10/01/1958,American
boesel,http://en.wikipedia.org/wiki/Raul_Boesel,Raul,Boesel,04/12/1957,Brazilian
acheson,http://en.wikipedia.org/wiki/Kenny_Acheson,Kenny,Acheson,27/11/1957,British
bellof,http://en.wikipedia.org/wiki/Stefan_Bellof,Stefan,Bellof,20/11/1957,German
boutsen,http://en.wikipedia.org/wiki/Thierry_Boutsen,Thierry,Boutsen,13/07/1957,Belgian
serra,http://en.wikipedia.org/wiki/Chico_Serra,Chico,Serra,03/02/1957,Brazilian
gabbiani,http://en.wikipedia.org/wiki/Beppe_Gabbiani,Beppe,Gabbiani,02/01/1957,Italian
hesnault,http://en.wikipedia.org/wiki/Fran%C3%A7ois_Hesnault,Francois,Hesnault,30/12/1956,French
alboreto,http://en.wikipedia.org/wiki/Michele_Alboreto,Michele,Alboreto,23/12/1956,Italian
palmer,http://en.wikipedia.org/wiki/Jonathan_Palmer,Jonathan,Palmer,07/11/1956,British
johansson,http://en.wikipedia.org/wiki/Stefan_Johansson,Stefan,Johansson,08/09/1956,Swedish
lammers,http://en.wikipedia.org/wiki/Jan_Lammers,Jan,Lammers,02/06/1956,Dutch
cogan,http://en.wikipedia.org/wiki/Kevin_Cogan,Kevin,Cogan,31/03/1956,American
rebaque,http://en.wikipedia.org/wiki/Hector_Rebaque,Hector,Rebaque,05/02/1956,Mexican
cecotto,http://en.wikipedia.org/wiki/Johnny_Cecotto,Johnny,Cecotto,25/01/1956,Venezuelan
streiff,http://en.wikipedia.org/wiki/Philippe_Streiff,Philippe,Streiff,26/06/1955,French
toshio_suzuki,http://en.wikipedia.org/wiki/Toshio_Suzuki_(driver),Toshio,Suzuki,10/03/1955,Japanese
fabi,http://en.wikipedia.org/wiki/Teo_Fabi,Teo,Fabi,09/03/1955,Italian
keegan,http://en.wikipedia.org/wiki/Rupert_Keegan,Rupert,Keegan,26/02/1955,British
prost,http://en.wikipedia.org/wiki/Alain_Prost,Alain,Prost,24/02/1955,French
salazar,http://en.wikipedia.org/wiki/Eliseo_Salazar,Eliseo,Salazar,14/11/1954,Chilean
rothengatter,http://en.wikipedia.org/wiki/Huub_Rothengatter,Huub,Rothengatter,08/10/1954,Dutch
warwick,http://en.wikipedia.org/wiki/Derek_Warwick,Derek,Warwick,27/08/1954,British
larrauri,http://en.wikipedia.org/wiki/Oscar_Larrauri,Oscar,Larrauri,19/08/1954,Argentine
alliot,http://en.wikipedia.org/wiki/Philippe_Alliot,Philippe,Alliot,27/07/1954,French
patrese,http://en.wikipedia.org/wiki/Riccardo_Patrese,Riccardo,Patrese,17/04/1954,Italian
baldi,http://en.wikipedia.org/wiki/Mauro_Baldi,Mauro,Baldi,31/01/1954,Italian
gartner,http://en.wikipedia.org/wiki/Jo_Gartner,Jo,Gartner,24/01/1954,Austrian
desire_wilson,http://en.wikipedia.org/wiki/Desir%C3%A9_Wilson,Desire,Wilson,26/11/1953,South African
villeneuve_sr,http://en.wikipedia.org/wiki/Jacques_Villeneuve_(elder),Jacques,Villeneuve Sr.,04/11/1953,Canadian
guerra,http://en.wikipedia.org/wiki/Miguel_Angel_Guerra,Miguel Angel,Guerra,31/08/1953,Argentine
mansell,http://en.wikipedia.org/wiki/Nigel_Mansell,Nigel,Mansell,08/08/1953,British
leoni,http://en.wikipedia.org/wiki/Lamberto_Leoni,Lamberto,Leoni,24/05/1953,Italian
daly,http://en.wikipedia.org/wiki/Derek_Daly,Derek,Daly,11/03/1953,Irish
hoffmann,http://en.wikipedia.org/wiki/Ingo_Hoffmann,Ingo,Hoffmann,28/02/1953,Brazilian
satoru_nakajima,http://en.wikipedia.org/wiki/Satoru_Nakajima,Satoru,Nakajima,23/02/1953,Japanese
kennedy,http://en.wikipedia.org/wiki/David_Kennedy_(racing_driver),Dave,Kennedy,15/01/1953,Irish
rahal,http://en.wikipedia.org/wiki/Bobby_Rahal,Bobby,Rahal,10/01/1953,American
stohr,http://en.wikipedia.org/wiki/Siegfried_Stohr,Siegfried,Stohr,10/10/1952,Italian
dryver,http://en.wikipedia.org/wiki/Bernard_de_Dryver,Bernard,de Dryver,19/09/1952,Belgian
giacomelli,http://en.wikipedia.org/wiki/Bruno_Giacomelli,Bruno,Giacomelli,10/09/1952,Italian
piquet,http://en.wikipedia.org/wiki/Nelson_Piquet,Nelson,Piquet,17/08/1952,Brazilian
brise,http://en.wikipedia.org/wiki/Tony_Brise,Tony,Brise,28/03/1952,British
pironi,http://en.wikipedia.org/wiki/Didier_Pironi,Didier,Pironi,26/03/1952,French
south,http://en.wikipedia.org/wiki/Stephen_South,Stephen,South,19/02/1952,British
gaillard,http://en.wikipedia.org/wiki/Patrick_Gaillard,Patrick,Gaillard,12/02/1952,French
ghinzani,http://en.wikipedia.org/wiki/Piercarlo_Ghinzani,Piercarlo,Ghinzani,16/01/1952,Italian
needell,http://en.wikipedia.org/wiki/Tiff_Needell,Tiff,Needell,29/10/1951,British
manfred_winkelhock,http://en.wikipedia.org/wiki/Manfred_Winkelhock,Manfred,Winkelhock,06/10/1951,German
surer,http://en.wikipedia.org/wiki/Marc_Surer,Marc,Surer,18/09/1951,Swiss
takahara,http://en.wikipedia.org/wiki/Noritake_Takahara,Noritake,Takahara,06/06/1951,Japanese
lees,http://en.wikipedia.org/wiki/Geoff_Lees,Geoff,Lees,01/05/1951,British
stuck,http://en.wikipedia.org/wiki/Hans_Joachim_Stuck,Hans-Joachim,Stuck,01/01/1951,German
kessel,http://en.wikipedia.org/wiki/Loris_Kessel,Loris,Kessel,01/04/1950,Swiss
perkins,http://en.wikipedia.org/wiki/Larry_Perkins,Larry,Perkins,18/03/1950,Australian
sullivan,http://en.wikipedia.org/wiki/Danny_Sullivan,Danny,Sullivan,09/03/1950,American
scheckter,http://en.wikipedia.org/wiki/Jody_Scheckter,Jody,Scheckter,29/01/1950,South African
brancatelli,http://en.wikipedia.org/wiki/Gianfranco_Brancatelli,Gianfranco,Brancatelli,18/01/1950,Italian
gilles_villeneuve,http://en.wikipedia.org/wiki/Gilles_Villeneuve,Gilles,Villeneuve,18/01/1950,Canadian
brown,http://en.wikipedia.org/wiki/Warwick_Brown,Warwick,Brown,24/12/1949,Australian
neve,http://en.wikipedia.org/wiki/Patrick_Neve,Patrick,Neve,13/10/1949,Belgian
bleekemolen,http://en.wikipedia.org/wiki/Michael_Bleekemolen,Michael,Bleekemolen,02/10/1949,Dutch
londono,http://en.wikipedia.org/wiki/Ricardo_Londo%C3%B1o,Ricardo,Londono,08/08/1949,Colombian
tambay,http://en.wikipedia.org/wiki/Patrick_Tambay,Patrick,Tambay,25/06/1949,French
pryce,http://en.wikipedia.org/wiki/Tom_Pryce,Tom,Pryce,11/06/1949,British
hayje,http://en.wikipedia.org/wiki/Boy_Hayje,Boy,Lunger,03/05/1949,Dutch
zunino,http://en.wikipedia.org/wiki/Ricardo_Zunino,Ricardo,Zunino,13/04/1949,Argentine
lauda,http://en.wikipedia.org/wiki/Niki_Lauda,Niki,Lauda,22/02/1949,Austrian
wunderink,http://en.wikipedia.org/wiki/Roelof_Wunderink,Roelof,Wunderink,12/12/1948,Dutch
keke_rosberg,http://en.wikipedia.org/wiki/Keke_Rosberg,Keke,Rosberg,06/12/1948,Finnish
tunmer,http://en.wikipedia.org/wiki/Guy_Tunmer,Guy,Tunmer,01/12/1948,South African
nilsson,http://en.wikipedia.org/wiki/Gunnar_Nilsson,Gunnar,Nilsson,20/11/1948,Swedish
ribeiro,http://en.wikipedia.org/wiki/Alex_Ribeiro,Alex,Ribeiro,07/11/1948,Brazilian
koinigg,http://en.wikipedia.org/wiki/Helmuth_Koinigg,Helmuth,Koinigg,03/11/1948,Austrian
schlesser,http://en.wikipedia.org/wiki/Jean-Louis_Schlesser,Jean-Louis,Schlesser,12/09/1948,French
ertl,http://en.wikipedia.org/wiki/Harald_Ertl,Harald,Ertl,31/08/1948,Austrian
arnoux,http://en.wikipedia.org/wiki/Ren%C3%A9_Arnoux,Rene,Arnoux,04/07/1948,French
binder,http://en.wikipedia.org/wiki/Hans_Binder,Hans,Binder,12/06/1948,Austrian
kozarowitzky,http://en.wikipedia.org/wiki/Mikko_Kozarowitzky,Mikko,Kozarowitzky,17/05/1948,Finnish
crawford,http://en.wikipedia.org/wiki/Jim_Crawford_(driver),Jim,Crawford,13/02/1948,British
williamson,http://en.wikipedia.org/wiki/Roger_Williamson,Roger,Williamson,02/02/1948,British
francia,http://en.wikipedia.org/wiki/Giorgio_Francia,Giorgio,Francia,08/11/1947,Italian
ashley,http://en.wikipedia.org/wiki/Ian_Ashley,Ian,Ashley,26/10/1947,British
opel,http://en.wikipedia.org/wiki/Rikky_von_Opel,Rikky,von Opel,14/10/1947,Liechtensteiner
hunt,http://en.wikipedia.org/wiki/James_Hunt,James,Hunt,29/08/1947,British
ian_scheckter,http://en.wikipedia.org/wiki/Ian_Scheckter,Ian,Scheckter,22/08/1947,South African
palm,http://en.wikipedia.org/wiki/Torsten_Palm,Torsten,Palm,23/07/1947,Swedish
hoshino,http://en.wikipedia.org/wiki/Kazuyoshi_Hoshino,Kazuyoshi,Hoshino,01/07/1947,Japanese
evans,http://en.wikipedia.org/wiki/Bob_Evans_(race_driver),Bob,Evans,11/06/1947,British
sutcliffe,http://en.wikipedia.org/wiki/Andy_Sutcliffe,Andy,Sutcliffe,09/05/1947,British
stuppacher,http://en.wikipedia.org/wiki/Otto_Stuppacher,Otto,Stuppacher,03/03/1947,Austrian
emerson_fittipaldi,http://en.wikipedia.org/wiki/Emerson_Fittipaldi,Emerson,Fittipaldi,12/12/1946,Brazilian
zorzi,http://en.wikipedia.org/wiki/Renzo_Zorzi,Renzo,Zorzi,12/12/1946,Italian
borgudd,http://en.wikipedia.org/wiki/Slim_Borgudd,Slim,Borgudd,25/11/1946,Swedish
jones,http://en.wikipedia.org/wiki/Alan_Jones_(Formula_1),Alan,Jones,02/11/1946,Australian
mass,http://en.wikipedia.org/wiki/Jochen_Mass,Jochen,Mass,30/09/1946,German
henton,http://en.wikipedia.org/wiki/Brian_Henton,Brian,Henton,19/09/1946,British
villota,http://en.wikipedia.org/wiki/Emilio_de_Villota,Emilio,de Villota,26/07/1946,Spanish
jarier,http://en.wikipedia.org/wiki/Jean-Pierre_Jarier,Jean-Pierre,Jarier,10/07/1946,French
watson,http://en.wikipedia.org/wiki/John_Watson_(racing_driver),John,Watson,04/05/1946,British
leclere,http://en.wikipedia.org/wiki/Michel_Lecl%C3%A8re,Michel,Leclere,18/03/1946,French
fushida,http://en.wikipedia.org/wiki/Hiroshi_Fushida,Hiroshi,Fushida,10/03/1946,Japanese
colombo,http://en.wikipedia.org/wiki/Alberto_Colombo,Alberto,Colombo,23/02/1946,Italian
wilds,http://en.wikipedia.org/wiki/Mike_Wilds,Mike,Wilds,07/01/1946,British
mcguire,http://en.wikipedia.org/wiki/Brian_McGuire,Brian,McGuire,13/12/1945,Australian
magee,http://en.wikipedia.org/wiki/Damien_Magee,Damien,Magee,17/11/1945,British
lunger,http://en.wikipedia.org/wiki/Brett_Lunger,Brett,Lunger,14/11/1945,American
hasemi,http://en.wikipedia.org/wiki/Masahiro_Hasemi,Masahiro,Hasemi,13/11/1945,Japanese
eaton,http://en.wikipedia.org/wiki/George_Eaton,George,Eaton,12/11/1945,Canadian
monarch,http://en.wikipedia.org/wiki/Talk:1963_Mexican_Grand_Prix#Who_was_Thomas_Monarch.3F,Thomas,Monarch,03/09/1945,American
purley,http://en.wikipedia.org/wiki/David_Purley,David,Purley,26/01/1945,British
ickx,http://en.wikipedia.org/wiki/Jacky_Ickx,Jacky,Ickx,01/01/1945,Belgian
migault,http://en.wikipedia.org/wiki/Fran%C3%A7ois_Migault,Francois,Migault,04/12/1944,French
pace,http://en.wikipedia.org/wiki/Carlos_Pace,Carlos,Pace,06/10/1944,Brazilian
robarts,http://en.wikipedia.org/wiki/Richard_Robarts,Richard,Robarts,22/09/1944,British
keizan,http://en.wikipedia.org/wiki/Eddie_Keizan,Eddie,Keizan,12/09/1944,South African
galica,http://en.wikipedia.org/wiki/Divina_Galica,Divina,Galica,13/08/1944,British
depailler,http://en.wikipedia.org/wiki/Patrick_Depailler,Patrick,Depailler,09/08/1944,French
morgan,http://en.wikipedia.org/wiki/Dave_Morgan_(racing_driver),Dave,Morgan,07/08/1944,British
zapico,http://en.wikipedia.org/wiki/Emilio_Zapico,Emilio,Zapico,27/05/1944,Spanish
posey,http://en.wikipedia.org/wiki/Sam_Posey,Sam,Posey,26/05/1944,American
dolhem,http://en.wikipedia.org/wiki/Jos%C3%A9_Dolhem,Jose,Dolhem,26/04/1944,French
nelleman,http://en.wikipedia.org/wiki/Jac_Nelleman,Jac,Nelleman,19/04/1944,Danish
cevert,http://en.wikipedia.org/wiki/Fran%C3%A7ois_Cevert,Francois,Cevert,25/02/1944,French
peterson,http://en.wikipedia.org/wiki/Ronnie_Peterson,Ronnie,Peterson,14/02/1944,Swedish
wilson_fittipaldi,http://en.wikipedia.org/wiki/Wilson_Fittipaldi,Wilson,Fittipaldi,25/12/1943,Brazilian
laffite,http://en.wikipedia.org/wiki/Jacques_Laffite,Jacques,Laffite,21/11/1943,French
roos,http://en.wikipedia.org/wiki/Bertil_Roos,Bertil,Roos,12/10/1943,Swedish
schenken,http://en.wikipedia.org/wiki/Tim_Schenken,Tim,Schenken,26/09/1943,Australian
kinnunen,http://en.wikipedia.org/wiki/Leo_Kinnunen,Leo,Kinnunen,05/08/1943,Finnish
jean,http://en.wikipedia.org/wiki/Max_Jean,Max,Jean,27/07/1943,French
amon,http://en.wikipedia.org/wiki/Chris_Amon,Chris,Amon,20/07/1943,New Zealander
stommelen,http://en.wikipedia.org/wiki/Rolf_Stommelen,Rolf,Stommelen,11/07/1943,German
miles,http://en.wikipedia.org/wiki/John_Miles_(auto_racer),John,Miles,14/06/1943,British
rollinson,http://en.wikipedia.org/wiki/Alan_Rollinson,Alan,Rollinson,15/05/1943,British
marko,http://en.wikipedia.org/wiki/Helmut_Marko,Helmut,Marko,27/04/1943,Austrian
tom_jones,http://en.wikipedia.org/wiki/Tom_Jones_(auto_racer),Tom,Jones,26/04/1943,American
schuppan,http://en.wikipedia.org/wiki/Vern_Schuppan,Vern,Schuppan,19/03/1943,Australian
heyer,http://en.wikipedia.org/wiki/Hans_Heyer,Hans,Heyer,16/03/1943,German
fisher,http://en.wikipedia.org/wiki/Mike_Fisher_(driver),Mike,Fisher,13/03/1943,American
merzario,http://en.wikipedia.org/wiki/Arturo_Merzario,Arturo,Merzario,11/03/1943,Italian
mazet,http://en.wikipedia.org/wiki/Fran%C3%A7ois_Mazet,Francois,Mazet,24/02/1943,French
trimmer,http://en.wikipedia.org/wiki/Tony_Trimmer,Tony,Trimmer,24/01/1943,British
edwards,http://en.wikipedia.org/wiki/Guy_Edwards,Guy,Edwards,30/12/1942,British
williams,http://en.wikipedia.org/wiki/Jonathan_Williams_(racing_driver),Jonathan,Williams,26/10/1942,British
jabouille,http://en.wikipedia.org/wiki/Jean-Pierre_Jabouille,Jean-Pierre,Jabouille,01/10/1942,French
pescarolo,http://en.wikipedia.org/wiki/Henri_Pescarolo,Henri,Pescarolo,25/09/1942,French
pesenti_rossi,http://en.wikipedia.org/wiki/Alessandro_Pesenti-Rossi,Alessandro,Pesenti-Rossi,31/08/1942,Italian
belso,http://en.wikipedia.org/wiki/Tom_Bels%C3%B8,Tom,Bels,27/08/1942,Danish
oliver,http://en.wikipedia.org/wiki/Jackie_Oliver,Jackie,Oliver,14/08/1942,British
pilette,http://en.wikipedia.org/wiki/Teddy_Pilette,Teddy,Pilette,26/07/1942,Belgian
irwin,http://en.wikipedia.org/wiki/Chris_Irwin,Chris,Irwin,27/06/1942,British
vonlanthen,http://en.wikipedia.org/wiki/Jo_Vonlanthen,Jo,Vonlanthen,31/05/1942,Swiss
widdows,http://en.wikipedia.org/wiki/Robin_Widdows,Robin,Widdows,27/05/1942,British
courage,http://en.wikipedia.org/wiki/Piers_Courage,Piers,Courage,27/05/1942,British
ongais,http://en.wikipedia.org/wiki/Danny_Ongais,Danny,Ongais,21/05/1942,American
rindt,http://en.wikipedia.org/wiki/Jochen_Rindt,Jochen,Rindt,18/04/1942,Austrian
reutemann,http://en.wikipedia.org/wiki/Carlos_Reutemann,Carlos,Reutemann,12/04/1942,Argentine
lennep,http://en.wikipedia.org/wiki/Gijs_Van_Lennep,Gijs,van Lennep,16/03/1942,Dutch
ricardo_rodriguez,http://en.wikipedia.org/wiki/Ricardo_Rodr%C3%ADguez_(Formula_One),Ricardo,Rodriguez,14/02/1942,Mexican
gavin,http://en.wikipedia.org/wiki/Johnny_Servoz-Gavin,Johnny,Servoz-Gavin,18/01/1942,French
ganley,http://en.wikipedia.org/wiki/Howden_Ganley,Howden,Ganley,24/12/1941,New Zealander
bell,http://en.wikipedia.org/wiki/Derek_Bell_(auto_racer),Derek,Bell,31/10/1941,British
nicholson,http://en.wikipedia.org/wiki/John_Nicholson_(racing_driver),John,Nicholson,06/10/1941,New Zealander
adamich,http://en.wikipedia.org/wiki/Andrea_de_Adamich,Andrea,de Adamich,03/10/1941,Italian
wisell,http://en.wikipedia.org/wiki/Reine_Wisell,Reine,Wisell,30/09/1941,Swedish
giunti,http://en.wikipedia.org/wiki/Ignazio_Giunti,Ignazio,Giunti,30/08/1941,Italian
puzey,http://en.wikipedia.org/wiki/Clive_Puzey,Clive,Puzey,11/07/1941,Rhodesian
vos,http://en.wikipedia.org/wiki/Ernie_de_Vos,Ernie,de Vos,01/07/1941,Dutch
walker,http://en.wikipedia.org/wiki/David_Walker_(racing_driver),David,Walker,10/06/1941,Australian
moser,http://en.wikipedia.org/wiki/Silvio_Moser,Silvio,Moser,24/04/1941,Swiss
lombardi,http://en.wikipedia.org/wiki/Lella_Lombardi,Lella,Lombardi,26/03/1941,Italian
galli,http://en.wikipedia.org/wiki/Nanni_Galli,Nanni,Galli,02/10/1940,Italian
ryan,http://en.wikipedia.org/wiki/Peter_Ryan_(driver),Peter,Ryan,10/06/1940,Canadian
larrousse,http://en.wikipedia.org/wiki/G%C3%A9rard_Larrousse,Gerard,Larrousse,23/05/1940,French
ahrens,"http://en.wikipedia.org/wiki/Kurt_Ahrens,_Jr.",Kurt,Ahrens,19/04/1940,German
beuttler,http://en.wikipedia.org/wiki/Mike_Beuttler,Mike,Beuttler,13/04/1940,British
attwood,http://en.wikipedia.org/wiki/Richard_Attwood,Richard,Attwood,04/04/1940,British
hailwood,http://en.wikipedia.org/wiki/Mike_Hailwood,Mike,Hailwood,02/04/1940,British
mcrae,http://en.wikipedia.org/wiki/Graham_McRae,Graham,McRae,05/03/1940,New Zealander
mario_andretti,http://en.wikipedia.org/wiki/Mario_Andretti,Mario,Andretti,28/02/1940,American
gethin,http://en.wikipedia.org/wiki/Peter_Gethin,Peter,Gethin,21/02/1940,British
takahashi,http://en.wikipedia.org/wiki/Kunimitsu_Takahashi,Kunimitsu,Takahashi,29/01/1940,Japanese
rodriguez,http://en.wikipedia.org/wiki/Pedro_Rodr%C3%ADguez_(racing_driver),Pedro,Rodriguez,18/01/1940,Mexican
andersson,http://en.wikipedia.org/wiki/Conny_Andersson_(racing_driver),Conny,Andersson,28/12/1939,Swedish
craft,http://en.wikipedia.org/wiki/Chris_Craft_(racing_driver),Chris,Craft,17/11/1939,British
regazzoni,http://en.wikipedia.org/wiki/Clay_Regazzoni,Clay,Regazzoni,05/09/1939,Swiss
stewart,http://en.wikipedia.org/wiki/Jackie_Stewart,Jackie,Stewart,11/06/1939,British
hobbs,http://en.wikipedia.org/wiki/David_Hobbs_(racing_driver),David,Hobbs,09/06/1939,British
quester,http://en.wikipedia.org/wiki/Dieter_Quester,Dieter,Quester,30/05/1939,Austrian
harris,http://en.wikipedia.org/wiki/Mike_Harris_(race_car_driver),Mike,Harris,25/05/1939,South African
rooyen,http://en.wikipedia.org/wiki/Basil_van_Rooyen,Basil,van Rooyen,19/04/1939,South African
revson,http://en.wikipedia.org/wiki/Peter_Revson,Peter,Revson,27/02/1939,American
niemann,http://en.wikipedia.org/wiki/Brausch_Niemann,Brausch,Niemann,07/01/1939,South African
lederle,http://en.wikipedia.org/wiki/Neville_Lederle,Neville,Lederle,25/09/1938,South African
pieterse,http://en.wikipedia.org/wiki/Ernie_Pieterse,Ernie,Pieterse,04/07/1938,South African
wietzes,http://en.wikipedia.org/wiki/Eppie_Wietzes,Eppie,Wietzes,28/05/1938,Canadian
westbury,http://en.wikipedia.org/wiki/Peter_Westbury,Peter,Westbury,26/05/1938,British
orey,http://en.wikipedia.org/wiki/Fritz_d%27Orey,Fritz,d'Orey,25/03/1938,Brazilian
mayer,http://en.wikipedia.org/wiki/Timmy_Mayer,Timmy,Mayer,22/02/1938,American
rees,http://en.wikipedia.org/wiki/Alan_Rees_(racing_driver),Alan,Rees,12/01/1938,British
greene,http://en.wikipedia.org/wiki/Keith_Greene,Keith,Greene,05/01/1938,British
gimax,http://en.wikipedia.org/wiki/Gimax,Carlo,Franchi,01/01/1938,Italian
bristow,http://en.wikipedia.org/wiki/Chris_Bristow,Chris,Bristow,02/12/1937,British
brambilla,http://en.wikipedia.org/wiki/Vittorio_Brambilla,Vittorio,Brambilla,11/11/1937,Italian
geki,http://en.wikipedia.org/wiki/Geki_(driver),Giacomo,Russo,23/10/1937,Italian
seiffert,http://en.wikipedia.org/wiki/G%C3%BCnther_Seiffert,Gunther,Seiffert,18/10/1937,German
hawkins,http://en.wikipedia.org/wiki/Paul_Hawkins_(racing_driver),Paul,Hawkins,12/10/1937,Australian
prophet,http://en.wikipedia.org/wiki/David_Prophet,David,Prophet,09/10/1937,British
hocking,http://en.wikipedia.org/wiki/Gary_Hocking,Gary,Hocking,30/09/1937,Rhodesian
mclaren,http://en.wikipedia.org/wiki/Bruce_McLaren,Bruce,McLaren,30/08/1937,New Zealander
beltoise,http://en.wikipedia.org/wiki/Jean-Pierre_Beltoise,Jean-Pierre,Beltoise,26/04/1937,French
hutchison,http://en.wikipedia.org/wiki/Gus_Hutchison,Gus,Hutchison,26/04/1937,American
donohue,http://en.wikipedia.org/wiki/Mark_Donohue,Mark,Donohue,18/03/1937,American
redman,http://en.wikipedia.org/wiki/Brian_Redman,Brian,Redman,09/03/1937,British
penske,http://en.wikipedia.org/wiki/Roger_Penske,Roger,Penske,20/02/1937,American
maggs,http://en.wikipedia.org/wiki/Tony_Maggs,Tony,Maggs,09/02/1937,South African
shelly,http://en.wikipedia.org/wiki/Tony_Shelly,Tony,Shelly,02/02/1937,New Zealander
johnstone,http://en.wikipedia.org/wiki/Bruce_Johnstone_(racing_driver),Bruce,Johnstone,30/01/1937,South African
bueno,http://en.wikipedia.org/wiki/Luiz_Bueno,Luiz,Bueno,16/01/1937,Brazilian
spence,http://en.wikipedia.org/wiki/Mike_Spence,Mike,Spence,30/12/1936,British
trevor_taylor,http://en.wikipedia.org/wiki/Trevor_Taylor,Trevor,Taylor,26/12/1936,British
pon,http://en.wikipedia.org/wiki/Ben_Pon,Ben,Pon,09/12/1936,Dutch
barber,http://en.wikipedia.org/wiki/Skip_Barber,Skip,Barber,16/11/1936,American
lewis,http://en.wikipedia.org/wiki/Jackie_Lewis,Jackie,Lewis,01/11/1936,British
charlton,http://en.wikipedia.org/wiki/Dave_Charlton,Dave,Charlton,27/10/1936,South African
hart,http://en.wikipedia.org/wiki/Brian_Hart,Brian,Hart,07/09/1936,British
ashmore,http://en.wikipedia.org/wiki/Gerry_Ashmore,Gerry,Ashmore,25/07/1936,British
siffert,http://en.wikipedia.org/wiki/Jo_Siffert,Jo,Siffert,07/07/1936,Swiss
hulme,http://en.wikipedia.org/wiki/Denny_Hulme,Denny,Hulme,18/06/1936,New Zealander
bucknum,http://en.wikipedia.org/wiki/Ronnie_Bucknum,Ronnie,Bucknum,05/04/1936,American
kessler,http://en.wikipedia.org/wiki/Bruce_Kessler,Bruce,Kessler,23/03/1936,American
clark,http://en.wikipedia.org/wiki/Jim_Clark,Jim,Clark,04/03/1936,British
reventlow,http://en.wikipedia.org/wiki/Lance_Reventlow,Lance,Reventlow,24/02/1936,American
brack,http://en.wikipedia.org/wiki/Bill_Brack,Bill,Brack,26/12/1935,Canadian
solana,http://en.wikipedia.org/wiki/Mois%C3%A9s_Solana,Moises,Solana,26/12/1935,Mexican
bandini,http://en.wikipedia.org/wiki/Lorenzo_Bandini,Lorenzo,Bandini,21/12/1935,Italian
blokdyk,http://en.wikipedia.org/wiki/Trevor_Blokdyk,Trevor,Blokdyk,30/11/1935,South African
mitter,http://en.wikipedia.org/wiki/Gerhard_Mitter,Gerhard,Mitter,30/08/1935,German
natili,http://en.wikipedia.org/wiki/Massimo_Natili,Massimo,Natili,28/07/1935,Italian
hall,http://en.wikipedia.org/wiki/Jim_Hall_(race_car_driver),Jim,Hall,23/07/1935,American
cordts,http://en.wikipedia.org/wiki/John_Cordts,John,Cordts,23/07/1935,Canadian
facetti,http://en.wikipedia.org/wiki/Carlo_Facetti,Carlo,Facetti,26/06/1935,Italian
elford,http://en.wikipedia.org/wiki/Vic_Elford,Vic,Elford,10/06/1935,British
hahne,http://en.wikipedia.org/wiki/Hubert_Hahne,Hubert,Hahne,28/03/1935,German
klerk,http://en.wikipedia.org/wiki/Peter_de_Klerk,Peter,de Klerk,16/03/1935,South African
foyt,http://en.wikipedia.org/wiki/A.J._Foyt,Anthony,Foyt,16/01/1935,American
baghetti,http://en.wikipedia.org/wiki/Giancarlo_Baghetti,Giancarlo,Baghetti,25/12/1934,Italian
weiler,http://en.wikipedia.org/wiki/Wayne_Weiler,Wayne,Weiler,09/12/1934,American
pretorius,http://en.wikipedia.org/wiki/Jackie_Pretorius,Jackie,Pretorius,22/11/1934,South African
bianchi,http://en.wikipedia.org/wiki/Lucien_Bianchi,Lucien,Bianchi,10/11/1934,Belgian
ashdown,http://en.wikipedia.org/wiki/Peter_Ashdown,Peter,Ashdown,16/10/1934,British
may,http://en.wikipedia.org/wiki/Michael_May_(racing_driver),Michael,May,18/08/1934,Swiss
bridger,http://en.wikipedia.org/wiki/Tom_Bridger,Tom,Bridger,24/06/1934,British
monteverdi,http://en.wikipedia.org/wiki/Peter_Monteverdi,Peter,Monteverdi,07/06/1934,Swiss
driver,http://en.wikipedia.org/wiki/Paddy_Driver,Paddy,Driver,13/05/1934,South African
mike_taylor,http://en.wikipedia.org/wiki/Mike_Taylor_(driver),Mike,Taylor,24/04/1934,British
gubby,http://en.wikipedia.org/wiki/Brian_Gubby,Brian,Gubby,17/04/1934,British
beaufort,http://en.wikipedia.org/wiki/Carel_Godin_de_Beaufort,Carel Godin,de Beaufort,10/04/1934,Dutch
unser,http://en.wikipedia.org/wiki/Bobby_Unser,Bobby,Unser,20/02/1934,American
surtees,http://en.wikipedia.org/wiki/John_Surtees,John,Surtees,11/02/1934,British
ernesto_brambilla,http://en.wikipedia.org/wiki/Ernesto_Brambilla,Ernesto,Brambilla,31/01/1934,Italian
bordeu,http://en.wikipedia.org/wiki/Juan_Manuel_Bordeu,Juan Manuel,Bordeu,28/01/1934,Argentine
follmer,http://en.wikipedia.org/wiki/George_Follmer,George,Follmer,27/01/1934,American
bassi,http://en.wikipedia.org/wiki/Giorgio_Bassi,Giorgio,Bassi,20/01/1934,Italian
cabral,http://en.wikipedia.org/wiki/Mario_de_Araujo_Cabral,Mario de Araujo,Cabral,15/01/1934,Portuguese
larreta,http://en.wikipedia.org/wiki/Alberto_Rodriguez_Larreta,Alberto Rodriguez,Larreta,14/01/1934,Argentine
arundell,http://en.wikipedia.org/wiki/Peter_Arundell,Peter,Arundell,08/11/1933,British
scarfiotti,http://en.wikipedia.org/wiki/Ludovico_Scarfiotti,Ludovico,Scarfiotti,18/10/1933,Italian
bill_moss,http://en.wikipedia.org/wiki/Bill_Moss_(racing_driver),Bill,Moss,04/09/1933,British
stacey,http://en.wikipedia.org/wiki/Alan_Stacey,Alan,Stacey,29/08/1933,British
davis,http://en.wikipedia.org/wiki/Colin_Davis_(driver),Colin,Davis,29/07/1933,British
lawrence,http://en.wikipedia.org/wiki/Chris_Lawrence_(racing_driver),Chris,Lawrence,27/07/1933,British
Cannoc,http://en.wikipedia.org/wiki/John_Cannon_(auto_racer),John,Cannon,21/06/1933,Canadian
bondurant,http://en.wikipedia.org/wiki/Bob_Bondurant,Bob,Bondurant,27/04/1933,American
garrett,http://en.wikipedia.org/wiki/Billy_Garrett,Billy,Garrett,24/04/1933,American
pirocchi,http://en.wikipedia.org/wiki/Renato_Pirocchi,Renato,Pirocchi,26/03/1933,Italian
taylor,http://en.wikipedia.org/wiki/John_Taylor_(racer),John,Taylor,23/03/1933,British
vaccarella,http://en.wikipedia.org/wiki/Nino_Vaccarella,Nino,Vaccarella,04/03/1933,Italian
henry_taylor,http://en.wikipedia.org/wiki/Henry_Taylor_(racing_driver),Henry,Taylor,16/12/1932,British
hurtubise,http://en.wikipedia.org/wiki/Jim_Hurtubise,Jim,Hurtubise,05/12/1932,American
starrabba,http://en.wikipedia.org/wiki/Gaetano_Starrabba,Gaetano,Starrabba,03/12/1932,Italian
blignaut,http://en.wikipedia.org/wiki/Alex_Blignaut,Alex,Blignaut,30/11/1932,South African
estefano,http://en.wikipedia.org/wiki/Nasif_Est%C3%A9fano,Nasif,Estefano,18/11/1932,Argentine
jerry_unser,http://en.wikipedia.org/wiki/Jerry_Unser,Jerry,Unser,15/11/1932,American
roig,http://en.wikipedia.org/wiki/Alex_Soler-Roig,Alex,Soler-Roig,29/10/1932,Spanish
perdisa,http://en.wikipedia.org/wiki/Cesare_Perdisa,Cesare,Perdisa,21/10/1932,Italian
macdowel,http://en.wikipedia.org/wiki/Mike_MacDowel,Mike,MacDowel,13/09/1932,British
abate,http://en.wikipedia.org/wiki/Carlo_Mario_Abate,Carlo,Abate,10/07/1932,Italian
parnell,http://en.wikipedia.org/wiki/Tim_Parnell,Tim,Parnell,25/06/1932,British
taramazzo,http://en.wikipedia.org/wiki/Luigi_Taramazzo,Luigi,Taramazzo,05/05/1932,Italian
said,http://en.wikipedia.org/wiki/Bob_Said,Bob,Said,05/05/1932,American
reed,http://en.wikipedia.org/wiki/Ray_Reed,Ray,Reed,30/04/1932,South African
gamble,http://en.wikipedia.org/wiki/Fred_Gamble_(racing_driver),Fred,Gamble,17/03/1932,American
gregory,http://en.wikipedia.org/wiki/Masten_Gregory,Masten,Gregory,29/02/1932,American
brooks,http://en.wikipedia.org/wiki/Tony_Brooks,Tony,Brooks,25/02/1932,British
allison,http://en.wikipedia.org/wiki/Cliff_Allison,Cliff,Allison,08/02/1932,British
collins,http://en.wikipedia.org/wiki/Peter_Collins_(racing_driver),Peter,Collins,06/11/1931,British
parkes,http://en.wikipedia.org/wiki/Mike_Parkes,Mike,Parkes,24/09/1931,British
marsh,http://en.wikipedia.org/wiki/Tony_Marsh_(racing_driver),Tony,Marsh,20/07/1931,British
anderson,http://en.wikipedia.org/wiki/Bob_Anderson_(racing_driver),Bob,Anderson,19/05/1931,British
clapham,http://en.wikipedia.org/wiki/David_Clapham,David,Clapham,18/05/1931,South African
halford,http://en.wikipedia.org/wiki/Bruce_Halford,Bruce,Halford,18/05/1931,British
vic_wilson,http://en.wikipedia.org/wiki/Vic_Wilson_(motor_racing_driver),Vic,Wilson,14/04/1931,British
gurney,http://en.wikipedia.org/wiki/Dan_Gurney,Dan,Gurney,13/04/1931,American
jimmy_stewart,http://en.wikipedia.org/wiki/Jimmy_Stewart_(racing_driver),Jimmy,Stewart,06/03/1931,British
piper,http://en.wikipedia.org/wiki/David_Piper,David,Piper,02/12/1930,British
ecclestone,http://en.wikipedia.org/wiki/Bernie_Ecclestone,Bernie,Ecclestone,28/10/1930,British
castellotti,http://en.wikipedia.org/wiki/Eugenio_Castellotti,Eugenio,Castellotti,10/10/1930,Italian
collomb,http://en.wikipedia.org/wiki/Bernard_Collomb,Bernard,Collomb,07/10/1930,French
gardner,http://en.wikipedia.org/wiki/Frank_Gardner_(driver),Frank,Gardner,01/10/1930,Australian
edmunds,http://en.wikipedia.org/wiki/Don_Edmunds,Don,Edmunds,23/09/1930,American
ginther,http://en.wikipedia.org/wiki/Richie_Ginther,Richie,Ginther,05/08/1930,American
ligier,http://en.wikipedia.org/wiki/Guy_Ligier,Guy,Ligier,12/07/1930,French
burgess,http://en.wikipedia.org/wiki/Ian_Burgess,Ian,Burgess,06/07/1930,British
sparken,http://en.wikipedia.org/wiki/Mike_Sparken,Mike,Sparken,16/06/1930,French
ireland,http://en.wikipedia.org/wiki/Innes_Ireland,Innes,Ireland,12/06/1930,British
lewis-evans,http://en.wikipedia.org/wiki/Stuart_Lewis-Evans,Stuart,Lewis-Evans,20/04/1930,British
ruttman,http://en.wikipedia.org/wiki/Troy_Ruttman,Troy,Ruttman,11/03/1930,American
bonnier,http://en.wikipedia.org/wiki/Joakim_Bonnier,Jo,Bonnier,31/01/1930,Swedish
schiller,http://en.wikipedia.org/wiki/Heinz_Schiller,Heinz,Schiller,25/01/1930,Swiss
campbell-jones,http://en.wikipedia.org/wiki/John_Campbell-Jones,John,Campbell-Jones,21/01/1930,British
botha,http://en.wikipedia.org/wiki/Luki_Botha,Luki,Botha,16/01/1930,South African
boffa,http://en.wikipedia.org/wiki/Menato_Boffa,Menato,Boffa,04/01/1930,Italian
reece,http://en.wikipedia.org/wiki/Jimmy_Reece,Jimmy,Reece,17/11/1929,American
moss,http://en.wikipedia.org/wiki/Stirling_Moss,Stirling,Moss,17/09/1929,British
davies,http://en.wikipedia.org/wiki/Jimmy_Davies,Jimmy,Davies,08/08/1929,American
john_barber,http://en.wikipedia.org/wiki/John_Barber_(racing_driver),John,Barber,22/07/1929,British
ian_stewart,http://en.wikipedia.org/wiki/Ian_Stewart_(racing_driver),Ian,Stewart,15/07/1929,British
nuckey,http://en.wikipedia.org/wiki/Rodney_Nuckey,Rodney,Nuckey,26/06/1929,British
blanchard,http://en.wikipedia.org/wiki/Harry_Blanchard,Harry,Blanchard,13/06/1929,American
slotemaker,http://en.wikipedia.org/wiki/Rob_Slotemaker,Rob,Slotemaker,13/06/1929,Dutch
mantovani,http://en.wikipedia.org/wiki/Sergio_Mantovani,Sergio,Mantovani,22/05/1929,Italian
hawthorn,http://en.wikipedia.org/wiki/Mike_Hawthorn,Mike,Hawthorn,10/04/1929,British
england,http://en.wikipedia.org/wiki/Paul_England,Paul,England,28/03/1929,Australian
hill,http://en.wikipedia.org/wiki/Graham_Hill,Graham,Hill,15/02/1929,British
hoyt,http://en.wikipedia.org/wiki/Jerry_Hoyt,Jerry,Hoyt,29/01/1929,American
amick,http://en.wikipedia.org/wiki/Red_Amick,Red,Amick,19/01/1929,American
milhoux,http://en.wikipedia.org/wiki/Andr%C3%A9_Milhoux,Andre,Milhoux,09/12/1928,Belgian
whiteaway,http://en.wikipedia.org/wiki/Ted_Whiteaway,Ted,Whiteaway,01/11/1928,British
portago,http://en.wikipedia.org/wiki/Alfonso_de_Portago,Alfonso,de Portago,11/10/1928,Spanish
connor,http://en.wikipedia.org/wiki/Pat_O%27Connor_(auto_racer),Pat,O'Connor,09/10/1928,American
bob_scott,http://en.wikipedia.org/wiki/Bob_Scott_(auto_racer),Bob,Scott,04/10/1928,American
mairesse,http://en.wikipedia.org/wiki/Willy_Mairesse,Willy,Mairesse,01/10/1928,Belgian
gerini,http://en.wikipedia.org/wiki/Gerino_Gerini_(racing_driver),Gerino,Gerini,10/08/1928,Italian
goethals,http://en.wikipedia.org/wiki/Christian_Goethals,Christian,Goethals,04/08/1928,Belgian
beauman,http://en.wikipedia.org/wiki/Don_Beauman,Don,Beauman,26/07/1928,British
rathmann,http://en.wikipedia.org/wiki/Jim_Rathmann,Jim,Rathmann,16/07/1928,American
george,http://en.wikipedia.org/wiki/Elmer_George,Elmer,George,15/07/1928,American
tomaso,http://en.wikipedia.org/wiki/Alessandro_de_Tomaso,Alessandro,de Tomaso,10/07/1928,Argentine-Italian
maglioli,http://en.wikipedia.org/wiki/Umberto_Maglioli,Umberto,Maglioli,05/06/1928,Italian
chapman,http://en.wikipedia.org/wiki/Colin_Chapman,Colin,Chapman,19/05/1928,British
jo_schlesser,http://en.wikipedia.org/wiki/Jo_Schlesser,Jo,Schlesser,18/05/1928,French
trips,http://en.wikipedia.org/wiki/Wolfgang_Graf_Berghe_von_Trips,Wolfgang,von Trips,04/05/1928,German
titterington,http://en.wikipedia.org/wiki/Desmond_Titterington,Desmond,Titterington,01/05/1928,British
tingelstad,http://en.wikipedia.org/wiki/Bud_Tingelstad,Bud,Tingelstad,04/04/1928,American
munaron,http://en.wikipedia.org/wiki/Gino_Munaron,Gino,Munaron,02/04/1928,Italian
herrmann,http://en.wikipedia.org/wiki/Hans_Herrmann,Hans,Herrmann,23/02/1928,German
ruby,http://en.wikipedia.org/wiki/Lloyd_Ruby,Lloyd,Ruby,12/01/1928,American
sharp,http://en.wikipedia.org/wiki/Hap_Sharp,Hap,Sharp,01/01/1928,American
mackey,http://en.wikipedia.org/wiki/Bill_Mackey,Bill,Mackey,15/12/1927,American
bussinello,http://en.wikipedia.org/wiki/Roberto_Bussinello,Roberto,Bussinello,04/10/1927,Italian
rhodes,http://en.wikipedia.org/wiki/John_Rhodes_(driver),John,Rhodes,18/08/1927,British
walter,http://en.wikipedia.org/wiki/Heini_Walter,Heini,Walter,28/07/1927,Swiss
mcwithey,http://en.wikipedia.org/wiki/Jim_McWithey,Jim,McWithey,04/07/1927,American
mackay-fraser,http://en.wikipedia.org/wiki/Herbert_MacKay-Fraser,Herbert,MacKay-Fraser,23/06/1927,American
cheesbourg,http://en.wikipedia.org/wiki/Bill_Cheesbourg,Bill,Cheesbourg,12/06/1927,American
tornaco,http://en.wikipedia.org/wiki/Charles_de_Tornaco,Charles,de Tornaco,07/06/1927,Belgian
sachs,http://en.wikipedia.org/wiki/Eddie_Sachs,Eddie,Sachs,28/05/1927,American
scott_Brown,http://en.wikipedia.org/wiki/Archie_Scott_Brown,Archie,Scott Brown,13/05/1927,British
phil_hill,http://en.wikipedia.org/wiki/Phil_Hill,Phil,Hill,20/04/1927,American
herman,http://en.wikipedia.org/wiki/Al_Herman,Al,Herman,15/03/1927,American
dempsey_wilson,http://en.wikipedia.org/wiki/Dempsey_Wilson,Dempsey,Wilson,11/03/1927,American
elisian,http://en.wikipedia.org/wiki/Ed_Elisian,Ed,Elisian,09/12/1926,American
filippis,http://en.wikipedia.org/wiki/Maria_Teresa_de_Filippis,Maria,de Filippis,11/11/1926,Italian
bisch,http://en.wikipedia.org/wiki/Art_Bisch,Art,Bisch,10/11/1926,American
veith,http://en.wikipedia.org/wiki/Bob_Veith,Bob,Veith,01/11/1926,American
swaters,http://en.wikipedia.org/wiki/Jacques_Swaters,Jacques,Swaters,30/10/1926,American
crockett,http://en.wikipedia.org/wiki/Larry_Crockett,Larry,Crockett,23/10/1926,American
lippi,http://en.wikipedia.org/wiki/Roberto_Lippi,Roberto,Lippi,17/10/1926,Italian
boyd,http://en.wikipedia.org/wiki/Johnny_Boyd,Johnny,Boyd,19/08/1926,American
drogo,http://en.wikipedia.org/wiki/Piero_Drogo,Piero,Drogo,08/08/1926,Italian
settember,http://en.wikipedia.org/wiki/Tony_Settember,Tony,Settember,10/07/1926,American
seidel,http://en.wikipedia.org/wiki/Wolfgang_Seidel,Wolfgang,Seidel,04/07/1926,German
arnold,http://en.wikipedia.org/wiki/Chuck_Arnold,Chuck,Arnold,30/05/1926,American
sweikert,http://en.wikipedia.org/wiki/Bob_Sweikert,Bob,Sweikert,20/05/1926,American
broeker,http://en.wikipedia.org/wiki/Peter_Broeker,Peter,Broeker,15/05/1926,Canadian
schroeder,http://en.wikipedia.org/wiki/Rob_Schroeder,Rob,Schroeder,11/05/1926,British
testut,http://en.wikipedia.org/wiki/Andr%C3%A9_Testut,Andre,Testut,13/04/1926,Monegasque
lovely,http://en.wikipedia.org/wiki/Pete_Lovely,Pete,Lovely,11/04/1926,American
jack_brabham,http://en.wikipedia.org/wiki/Jack_Brabham,Jack,Brabham,02/04/1926,Australian
bryan,http://en.wikipedia.org/wiki/Jimmy_Bryan,Jimmy,Bryan,28/01/1926,American
hartley,http://en.wikipedia.org/wiki/Gene_Hartley,Gene,Hartley,28/01/1926,American
flaherty,http://en.wikipedia.org/wiki/Pat_Flaherty_(racing_driver),Pat,Flaherty,06/01/1926,American
chamberlain,http://en.wikipedia.org/wiki/Jay_Chamberlain,Jay,Chamberlain,29/12/1925,American
ramos,http://en.wikipedia.org/wiki/Hernando_da_Silva_Ramos,Hernando,da Silva Ramos,07/12/1925,Brazilian
russo,http://en.wikipedia.org/wiki/Eddie_Russo,Eddie,Russo,19/11/1925,American
goldsmith,http://en.wikipedia.org/wiki/Paul_Goldsmith,Paul,Goldsmith,02/10/1925,American
ball,http://en.wikipedia.org/wiki/Bobby_Ball_(auto_racer),Bobby,Ball,26/08/1925,American
sutton,http://en.wikipedia.org/wiki/Len_Sutton,Len,Sutton,09/08/1925,American
james,http://en.wikipedia.org/wiki/Joe_James_(racing_driver),Joe,James,23/05/1925,American
freeland,http://en.wikipedia.org/wiki/Don_Freeland,Don,Freeland,25/03/1925,American
riu,http://en.wikipedia.org/wiki/Giovanni_de_Riu,Giovanni,de Riu,10/03/1925,Italian
love,http://en.wikipedia.org/wiki/John_Love_(racing_driver),John,Love,07/12/1924,Rhodesian
mieres,http://en.wikipedia.org/wiki/Roberto_Mieres,Roberto,Mieres,03/12/1924,Argentine
creus,http://en.wikipedia.org/wiki/Antonio_Creus,Antonio,Creus,28/10/1924,Spanish
george_amick,http://en.wikipedia.org/wiki/George_Amick,George,Amick,24/10/1924,American
grim,http://en.wikipedia.org/wiki/Bobby_Grim,Bobby,Grim,04/09/1924,American
daywalt,http://en.wikipedia.org/wiki/Jimmy_Daywalt,Jimmy,Daywalt,28/08/1924,American
musso,http://en.wikipedia.org/wiki/Luigi_Musso,Luigi,Musso,28/07/1924,Italian
uria,http://en.wikipedia.org/wiki/Alberto_Uria,Alberto,Uria,11/07/1924,Uruguayan
christie,http://en.wikipedia.org/wiki/Bob_Christie_(racing_driver),Bob,Christie,04/04/1924,American
riseley_prichard,http://en.wikipedia.org/wiki/John_Riseley-Prichard,John,Riseley-Prichard,17/01/1924,British
gendebien,http://en.wikipedia.org/wiki/Olivier_Gendebien,Olivier,Gendebien,12/01/1924,Belgian
birger,http://en.wikipedia.org/wiki/Pablo_Birger,Pablo,Birger,07/01/1924,Argentine
dick_rathmann,http://en.wikipedia.org/wiki/Dick_Rathmann,Dick,Rathmann,06/01/1924,American
marimon,http://en.wikipedia.org/wiki/Onofre_Marim%C3%B3n,Onofre,Marimon,19/12/1923,Argentine
kavanagh,http://en.wikipedia.org/wiki/Ken_Kavanagh,Ken,Kavanagh,12/12/1923,Australian
daigh,http://en.wikipedia.org/wiki/Chuck_Daigh,Chuck,Daigh,29/11/1923,American
oscar_gonzalez,http://en.wikipedia.org/wiki/%C3%93scar_Gonz%C3%A1lez_(racing_driver),Oscar,Gonzalez,10/11/1923,Uruguayan
cruz,http://en.wikipedia.org/wiki/Adolfo_Schewelm_Cruz,Adolfo,Cruz,28/06/1923,Argentine
flockhart,http://en.wikipedia.org/wiki/Ron_Flockhart_(auto_racing),Ron,Flockhart,16/06/1923,British
bueb,http://en.wikipedia.org/wiki/Ivor_Bueb,Ivor,Bueb,06/06/1923,British
rigsby,http://en.wikipedia.org/wiki/Jim_Rigsby,Jim,Rigsby,06/06/1923,American
daponte,http://en.wikipedia.org/wiki/Jorge_Daponte,Jorge,Daponte,05/06/1923,Argentine
prinoth,http://en.wikipedia.org/wiki/Ernesto_Prinoth,Ernesto,Prinoth,15/04/1923,Italian
weyant,http://en.wikipedia.org/wiki/Chuck_Weyant,Chuck,Weyant,03/04/1923,American
duke,http://en.wikipedia.org/wiki/Geoff_Duke,Geoff,Duke,29/03/1923,British
naylor,http://en.wikipedia.org/wiki/Brian_Naylor,Brian,Naylor,24/03/1923,British
cabianca,http://en.wikipedia.org/wiki/Giulio_Cabianca,Giulio,Cabianca,19/02/1923,Italian
fitzau,http://en.wikipedia.org/wiki/Theo_Fitzau,Theo,Fitzau,10/02/1923,East German
larson,http://en.wikipedia.org/wiki/Jud_Larson,Jud,Larson,21/01/1923,American
shelby,http://en.wikipedia.org/wiki/Carroll_Shelby,Carroll,Shelby,11/01/1923,American
lucienbonnet,http://en.wikipedia.org/wiki/Jean_Lucienbonnet,Jean,Lucienbonnet,07/01/1923,French
fontes,http://en.wikipedia.org/wiki/Azdrubal_Fontes,Azdrubal,Fontes,26/12/1922,Uruguayan
gonzalez,http://en.wikipedia.org/wiki/Jos%C3%A9_Froil%C3%A1n_Gonz%C3%A1lez,Jose Froilan,Gonzalez,05/10/1922,Argentine
marr,http://en.wikipedia.org/wiki/Leslie_Marr,Leslie,Marr,14/08/1922,British
riess,http://en.wikipedia.org/wiki/Fritz_Riess,Fritz,Riess,11/07/1922,German
pollet,http://en.wikipedia.org/wiki/Jacques_Pollet,Jacques,Pollet,02/07/1922,French
salvadori,http://en.wikipedia.org/wiki/Roy_Salvadori,Roy,Salvadori,12/05/1922,British
graham_whitehead,http://en.wikipedia.org/wiki/Graham_Whitehead,Graham,Whitehead,15/04/1922,British
thomson,http://en.wikipedia.org/wiki/Johnny_Thomson,Johnny,Thomson,09/04/1922,American
linden,http://en.wikipedia.org/wiki/Andy_Linden_(racing_driver),Andy,Linden,05/04/1922,American
iglesias,http://en.wikipedia.org/wiki/Jes%C3%BAs_Iglesias,Jesus,Iglesias,22/02/1922,Argentine
heeks,http://en.wikipedia.org/wiki/Willi_Heeks,Willi,Heeks,13/02/1922,German
Changy,http://en.wikipedia.org/wiki/Alain_de_Changy,Alain,de Changy,05/02/1922,Belgian
bechem,http://en.wikipedia.org/wiki/G%C3%BCnther_Bechem,Gunther,Bechem,21/12/1921,German
adolff,http://en.wikipedia.org/wiki/Kurt_Adolff,Kurt,Adolff,05/11/1921,German
ayulo,http://en.wikipedia.org/wiki/Manny_Ayulo,Manny,Ayulo,20/10/1921,American
pease,http://en.wikipedia.org/wiki/Al_Pease,Al,Pease,15/10/1921,Canadian
scarlatti,http://en.wikipedia.org/wiki/Giorgio_Scarlatti,Giorgio,Scarlatti,02/10/1921,Italian
nazaruk,http://en.wikipedia.org/wiki/Mike_Nazaruk,Mike,Nazaruk,02/10/1921,American
raby,http://en.wikipedia.org/wiki/Ian_Raby,Ian,Raby,22/09/1921,British
tingle,http://en.wikipedia.org/wiki/Sam_Tingle,Sam,Tingle,24/08/1921,Rhodesian
schell,http://en.wikipedia.org/wiki/Harry_Schell,Harry,Schell,29/06/1921,American
dennis_taylor,http://en.wikipedia.org/wiki/Dennis_Taylor_(racing_driver),Dennis,Taylor,12/06/1921,British
chimeri,http://en.wikipedia.org/wiki/Ettore_Chimeri,Ettore,Chimeri,04/06/1921,Venezuelan
gordini,http://en.wikipedia.org/wiki/Aldo_Gordini,Aldo,Gordini,20/05/1921,French
crossley,http://en.wikipedia.org/wiki/Geoff_Crossley,Geoff,Crossley,11/05/1921,British
picard,http://en.wikipedia.org/wiki/Fran%C3%A7ois_Picard,Francois,Picard,26/04/1921,French
godia,http://en.wikipedia.org/wiki/Paco_Godia,Paco,Godia,21/03/1921,Spanish
carini,http://en.wikipedia.org/wiki/Piero_Carini,Piero,Carini,06/03/1921,Italian
teague,http://en.wikipedia.org/wiki/Marshall_Teague_(racing_driver),Marshall,Teague,22/02/1921,American
mccoy,http://en.wikipedia.org/wiki/Ernie_McCoy,Ernie,McCoy,19/02/1921,American
behra,http://en.wikipedia.org/wiki/Jean_Behra,Jean,Behra,16/02/1921,French
ward,http://en.wikipedia.org/wiki/Rodger_Ward,Rodger,Ward,10/01/1921,American
leston,http://en.wikipedia.org/wiki/Les_Leston,Les,Leston,16/12/1920,British
serrurier,http://en.wikipedia.org/wiki/Doug_Serrurier,Doug,Serrurier,09/12/1920,South African
dochnal,http://en.wikipedia.org/wiki/Frank_Dochnal,Frank,Dochnal,08/10/1920,American
mcalpine,http://en.wikipedia.org/wiki/Kenneth_McAlpine,Kenneth,McAlpine,21/09/1920,British
holmes,http://en.wikipedia.org/wiki/Jackie_Holmes,Jackie,Holmes,04/09/1920,American
bucci,http://en.wikipedia.org/wiki/Clemar_Bucci,Clemar,Bucci,04/09/1920,Argentine
brandon,http://en.wikipedia.org/wiki/Eric_Brandon,Eric,Brandon,18/07/1920,British
andrews,http://en.wikipedia.org/wiki/Keith_Andrews_(driver),Keith,Andrews,15/06/1920,American
branson,http://en.wikipedia.org/wiki/Don_Branson,Don,Branson,02/06/1920,American
vyver,http://en.wikipedia.org/wiki/Syd_van_der_Vyver,Syd,van der Vyver,01/06/1920,South African
duncan_hamilton,http://en.wikipedia.org/wiki/Duncan_Hamilton_(racing_driver),Duncan,Hamilton,30/04/1920,British
keller,http://en.wikipedia.org/wiki/Al_Keller,Al,Keller,11/04/1920,American
thiele,http://en.wikipedia.org/wiki/Alfonso_Thiele,Alfonso,Thiele,05/04/1920,American-Italian
crook,http://en.wikipedia.org/wiki/Tony_Crook,Tony,Crook,16/02/1920,British
faulkner,http://en.wikipedia.org/wiki/Walt_Faulkner,Walt,Faulkner,16/02/1920,American
turner,http://en.wikipedia.org/wiki/Jack_Turner_(driver),Jack,Turner,12/02/1920,American
magill,http://en.wikipedia.org/wiki/Mike_Magill,Mike,Magill,08/02/1920,American
gaze,http://en.wikipedia.org/wiki/Tony_Gaze,Tony,Gaze,03/02/1920,Australian
crespo,http://en.wikipedia.org/wiki/Alberto_Crespo,Alberto,Crespo,16/01/1920,Argentine
simon,http://en.wikipedia.org/wiki/Andr%C3%A9_Simon_(racing_driver),Andre,Simon,05/01/1920,French
drake,http://en.wikipedia.org/wiki/Bob_Drake_(Formula_One),Bob,Drake,14/12/1919,American
alan_brown,http://en.wikipedia.org/wiki/Alan_Brown_(racing_driver),Alan,Brown,20/11/1919,British
thompson,http://en.wikipedia.org/wiki/Eric_Thompson_(racing_driver),Eric,Thompson,04/11/1919,British
hansgen,http://en.wikipedia.org/wiki/Walt_Hansgen,Walt,Hansgen,28/10/1919,American
klenk,http://en.wikipedia.org/wiki/Hans_Klenk,Hans,Klenk,28/10/1919,German
stevenson,http://en.wikipedia.org/wiki/Chuck_Stevenson,Chuck,Stevenson,15/10/1919,American
mcgrath,http://en.wikipedia.org/wiki/Jack_McGrath_(racing_driver),Jack,McGrath,08/10/1919,American
flinterman,http://en.wikipedia.org/wiki/Jan_Flinterman,Jan,Flinterman,02/10/1919,Dutch
bonomi,http://en.wikipedia.org/wiki/Roberto_Bonomi,Roberto,Bonomi,30/09/1919,Argentine
green,http://en.wikipedia.org/wiki/Cecil_Green,Cecil,Green,30/09/1919,American
macklin,http://en.wikipedia.org/wiki/Lance_Macklin,Lance,Macklin,02/09/1919,British
lof,http://en.wikipedia.org/wiki/Dries_van_der_Lof,Dries,van der Lof,23/08/1919,Dutch
templeman,http://en.wikipedia.org/wiki/Shorty_Templeman,Shorty,Templeman,12/08/1919,American
guelfi,http://en.wikipedia.org/wiki/Andr%C3%A9_Guelfi,Andre,Guelfi,06/05/1919,French
johnson,http://en.wikipedia.org/wiki/Eddie_Johnson_(auto_racer),Eddie,Johnson,10/02/1919,American
vukovich,http://en.wikipedia.org/wiki/Bill_Vukovich,Bill,Vukovich,13/12/1918,American
ken_miles,http://en.wikipedia.org/wiki/Ken_Miles,Ken,Miles,01/11/1918,British
rolt,http://en.wikipedia.org/wiki/Tony_Rolt,Tony,Rolt,16/10/1918,British
armi,http://en.wikipedia.org/wiki/Frank_Armi,Frank,Armi,12/10/1918,American
andre_pilette,http://en.wikipedia.org/wiki/Andr%C3%A9_Pilette,Andre,Pilette,06/10/1918,Belgian
terra,http://en.wikipedia.org/wiki/Max_de_Terra,Max,de Terra,06/10/1918,Swiss
gould,http://en.wikipedia.org/wiki/Horace_Gould,Horace,Gould,20/09/1918,British
mantz,http://en.wikipedia.org/wiki/Johnny_Mantz,Johnny,Mantz,18/09/1918,American
georges_berger,http://en.wikipedia.org/wiki/Georges_Berger,Georges,Berger,14/09/1918,Belgian
homeier,http://en.wikipedia.org/wiki/Bill_Homeier,Bill,Homeier,31/08/1918,American
ascari,http://en.wikipedia.org/wiki/Alberto_Ascari,Alberto,Ascari,13/07/1918,Italian
wacker,http://en.wikipedia.org/wiki/Fred_Wacker,Fred,Wacker,10/07/1918,American
parsons,http://en.wikipedia.org/wiki/Johnnie_Parsons,Johnnie,Parsons,04/07/1918,American
gibson,http://en.wikipedia.org/wiki/Dick_Gibson,Dick,Gibson,16/04/1918,British
constantine,http://en.wikipedia.org/wiki/George_Constantine,George,Constantine,22/02/1918,American
cross,http://en.wikipedia.org/wiki/Art_Cross,Art,Cross,24/01/1918,American
hampshire,http://en.wikipedia.org/wiki/David_Hampshire,David,Hampshire,29/12/1917,British
volonterio,http://en.wikipedia.org/wiki/Ottorino_Volonterio,Ottorino,Volonterio,07/12/1917,Swiss
downing,http://en.wikipedia.org/wiki/Ken_Downing,Ken,Downing,05/12/1917,British
trintignant,http://en.wikipedia.org/wiki/Maurice_Trintignant,Maurice,Trintignant,30/10/1917,French
tolan,http://en.wikipedia.org/wiki/Johnnie_Tolan,Johnnie,Tolan,22/10/1917,American
fitch,http://en.wikipedia.org/wiki/John_Fitch_(driver),John,Fitch,04/08/1917,American
fonder,http://en.wikipedia.org/wiki/George_Fonder,George,Fonder,22/06/1917,American
lucas,http://en.wikipedia.org/wiki/Jean_Lucas,Jean,Lucas,25/04/1917,French
manzon,http://en.wikipedia.org/wiki/Robert_Manzon,Robert,Manzon,12/04/1917,French
karch,http://en.wikipedia.org/wiki/Oswald_Karch,Oswald,Karch,06/03/1917,German
la_caze,http://en.wikipedia.org/wiki/Robert_La_Caze,Robert,La Caze,26/02/1917,French
kladis,http://en.wikipedia.org/wiki/Danny_Kladis,Danny,Kladis,10/02/1917,American
frere,http://en.wikipedia.org/wiki/Paul_Fr%C3%A8re,Paul,Frere,30/01/1917,Belgian
barth,http://en.wikipedia.org/wiki/Edgar_Barth,Edgar,Barth,26/01/1917,German
emery,http://en.wikipedia.org/wiki/Paul_Emery,Paul,Emery,12/11/1916,British
branca,http://en.wikipedia.org/wiki/Toni_Branca,Toni,Branca,15/09/1916,Swiss
bettenhausen,http://en.wikipedia.org/wiki/Tony_Bettenhausen,Tony,Bettenhausen,12/09/1916,American
poore,http://en.wikipedia.org/wiki/Dennis_Poore,Dennis,Poore,19/08/1916,British
claes,http://en.wikipedia.org/wiki/Johnny_Claes,Johnny,Claes,11/08/1916,Belgian
bianco,http://en.wikipedia.org/wiki/Gino_Bianco,Gino,Bianco,22/07/1916,Brazilian
thorne,http://en.wikipedia.org/wiki/Leslie_Thorne,Leslie,Thorne,23/06/1916,British
force,http://en.wikipedia.org/wiki/Gene_Force,Gene,Force,15/06/1916,American
cade,http://en.wikipedia.org/wiki/Phil_Cade,Phil,Cade,12/06/1916,American
wharton,http://en.wikipedia.org/wiki/Ken_Wharton,Ken,Wharton,21/03/1916,British
griffith,http://en.wikipedia.org/wiki/Cliff_Griffith,Cliff,Griffith,06/02/1916,American
niedermayr,http://en.wikipedia.org/wiki/Helmut_Niedermayr,Helmut,Niedermayr,29/11/1915,German
fry,http://en.wikipedia.org/wiki/Joe_Fry,Joe,Fry,26/10/1915,British
ray_crawford,http://en.wikipedia.org/wiki/Ray_Crawford,Ray,Crawford,26/10/1915,American
hellings,http://en.wikipedia.org/wiki/Mack_Hellings,Mack,Hellings,14/09/1915,American
charrington,http://en.wikipedia.org/wiki/Robin_Montgomerie-Charrington,Robin,Montgomerie-Charrington,23/06/1915,British
martin,http://en.wikipedia.org/wiki/Eug%C3%A8ne_Martin,Eugene,Martin,24/03/1915,French
owen,http://en.wikipedia.org/wiki/Arthur_Owen,Arthur,Owen,23/03/1915,British
mcdowell,http://en.wikipedia.org/wiki/Johnny_McDowell,Johnny,McDowell,29/01/1915,American
shawe_taylor,http://en.wikipedia.org/wiki/Brian_Shawe_Taylor,Brian,Shawe Taylor,28/01/1915,British
whitehead,http://en.wikipedia.org/wiki/Peter_Whitehead_(racing_driver),Peter,Whitehead,12/11/1914,British
peters,http://en.wikipedia.org/wiki/Josef_Peters_(driver),Josef,Peters,16/09/1914,German
menditeguy,http://en.wikipedia.org/wiki/Carlos_Menditeguy,Carlos,Menditeguy,10/08/1914,Argentine
bira,http://en.wikipedia.org/wiki/Prince_Bira,Prince,Bira,15/07/1914,Thai
hanks,http://en.wikipedia.org/wiki/Sam_Hanks,Sam,Hanks,13/07/1914,American
scarborough,http://en.wikipedia.org/wiki/Carl_Scarborough,Carl,Scarborough,03/07/1914,American
graffenried,http://en.wikipedia.org/wiki/Toulo_de_Graffenried,Toulo,de Graffenried,18/05/1914,Swiss
john_james,http://en.wikipedia.org/wiki/John_James_(auto_racer),John,James,10/05/1914,British
niday,http://en.wikipedia.org/wiki/Cal_Niday,Cal,Niday,29/04/1914,American
paul_russo,http://en.wikipedia.org/wiki/Paul_Russo,Paul,Russo,10/04/1914,American
bayol,http://en.wikipedia.org/wiki/%C3%89lie_Bayol,Elie,Bayol,28/02/1914,French
levrett,http://en.wikipedia.org/wiki/Bayliss_Levrett,Bayliss,Levrett,14/02/1914,American
gerard,http://en.wikipedia.org/wiki/Bob_Gerard,Bob,Gerard,19/01/1914,British
ader,http://en.wikipedia.org/wiki/Walt_Ader,Walt,Ader,15/12/1913,American
piotti,http://en.wikipedia.org/wiki/Luigi_Piotti,Luigi,Piotti,27/10/1913,Italian
agabashian,http://en.wikipedia.org/wiki/Fred_Agabashian,Fred,Agabashian,21/08/1913,American
galvez,http://en.wikipedia.org/wiki/%C3%93scar_Alfredo_G%C3%A1lvez,Oscar,Galvez,17/08/1913,Argentine
banks,http://en.wikipedia.org/wiki/Henry_Banks,Henry,Banks,14/06/1913,American
helfrich,http://en.wikipedia.org/wiki/Theo_Helfrich,Theo,Helfrich,13/05/1913,German
darter,http://en.wikipedia.org/wiki/Duane_Carter,Duane,Carter,05/05/1913,American
dinsmore,http://en.wikipedia.org/wiki/Duke_Dinsmore,Duke,Dinsmore,10/04/1913,American
abecassis,http://en.wikipedia.org/wiki/George_Abecassis,George,Abecassis,21/03/1913,British
fairman,http://en.wikipedia.org/wiki/Jack_Fairman,Jack,Fairman,15/03/1913,British
kelly,http://en.wikipedia.org/wiki/Joe_Kelly_(Formula_One),Joe,Kelly,13/03/1913,Irish
nalon,http://en.wikipedia.org/wiki/Duke_Nalon,Duke,Nalon,02/03/1913,American
laurent,http://en.wikipedia.org/wiki/Roger_Laurent,Roger,Laurent,21/02/1913,Belgian
pian,http://en.wikipedia.org/wiki/Alfredo_Pi%C3%A0n,Alfredo,Pian,21/10/1912,Argentine
peter_walker,http://en.wikipedia.org/wiki/Peter_Walker_(driver),Peter,Walker,07/10/1912,British
bauer,http://en.wikipedia.org/wiki/Erwin_Bauer,Erwin,Bauer,17/07/1912,German
fohr,http://en.wikipedia.org/wiki/Myron_Fohr,Myron,Fohr,17/06/1912,American
fischer,http://en.wikipedia.org/wiki/Rudi_Fischer,Rudi,Fischer,19/04/1912,Swiss
chitwood,http://en.wikipedia.org/wiki/Joie_Chitwood,Joie,Chitwood,14/04/1912,American
leslie_johnson,http://en.wikipedia.org/wiki/Leslie_Johnson_(racing_driver),Leslie,Johnson,22/03/1912,British
walt_brown,http://en.wikipedia.org/wiki/Walt_Brown_(auto_racer),Walt,Brown,30/12/1911,American
pagani,http://en.wikipedia.org/wiki/Nello_Pagani,Nello,Pagani,11/10/1911,Italian
richardson,http://en.wikipedia.org/wiki/Ken_Richardson_(race_car_driver),Ken,Richardson,21/08/1911,British
duncan,http://en.wikipedia.org/wiki/Len_Duncan,Len,Duncan,25/07/1911,American
reg_parnell,http://en.wikipedia.org/wiki/Reg_Parnell,Reg,Parnell,02/07/1911,British
fangio,http://en.wikipedia.org/wiki/Juan_Manuel_Fangio,Juan,Fangio,24/06/1911,Argentine
pietsch,http://en.wikipedia.org/wiki/Paul_Pietsch,Paul,Pietsch,20/06/1911,German
sanesi,http://en.wikipedia.org/wiki/Consalvo_Sanesi,Consalvo,Sanesi,28/03/1911,Italian
forberg,http://en.wikipedia.org/wiki/Carl_Forberg,Carl,Forberg,04/03/1911,American
webb,http://en.wikipedia.org/wiki/Travis_Webb,Travis,Webb,08/10/1910,American
kling,http://en.wikipedia.org/wiki/Karl_Kling,Karl,Kling,16/09/1910,German
wallard,http://en.wikipedia.org/wiki/Lee_Wallard,Lee,Wallard,07/09/1910,American
guy_mairesse,http://en.wikipedia.org/wiki/Guy_Mairesse,Guy,Mairesse,10/08/1910,French
jackson,http://en.wikipedia.org/wiki/Jimmy_Jackson_(driver),Jimmy,Jackson,25/07/1910,American
kuhnke,http://en.wikipedia.org/wiki/Kurt_Kuhnke,Kurt,Kuhnke,30/04/1910,German
hirt,http://en.wikipedia.org/wiki/Peter_Hirt,Peter,Hirt,30/03/1910,Swiss
louveau,http://en.wikipedia.org/wiki/Henri_Louveau,Henri,Louveau,25/01/1910,French
murray,http://en.wikipedia.org/wiki/David_Murray_(driver),David,Murray,28/12/1909,British
scotti,http://en.wikipedia.org/wiki/Piero_Scotti,Piero,Scotti,11/11/1909,Italian
pozzi,http://en.wikipedia.org/wiki/Charles_Pozzi,Charles,Pozzi,27/08/1909,French
serafini,http://en.wikipedia.org/wiki/Dorino_Serafini,Dorino,Serafini,22/07/1909,Italian
villoresi,http://en.wikipedia.org/wiki/Luigi_Villoresi,Luigi,Villoresi,16/05/1909,Italian
lang,http://en.wikipedia.org/wiki/Hermann_Lang,Hermann,Lang,06/04/1909,German
whitehouse,http://en.wikipedia.org/wiki/Bill_Whitehouse,Bill,Whitehouse,01/04/1909,British
schindler,http://en.wikipedia.org/wiki/Bill_Schindler,Bill,Schindler,06/03/1909,American
balsa,http://en.wikipedia.org/wiki/Marcel_Balsa,Marcel,Balsa,01/01/1909,French
rol,http://en.wikipedia.org/wiki/Franco_Rol,Franco,Rol,05/06/1908,Italian
obrien,http://en.wikipedia.org/wiki/Robert_O%27Brien_(auto_racer),Robert,O'Brien,11/04/1908,American
scherrer,http://en.wikipedia.org/wiki/Albert_Scherrer,Albert,Scherrer,28/02/1908,Swiss
cantrell,http://en.wikipedia.org/wiki/William_Cantrell,Bill,Cantrell,31/01/1908,American
holland,http://en.wikipedia.org/wiki/Bill_Holland,Bill,Holland,18/12/1907,American
parker,http://en.wikipedia.org/wiki/Philip_Fotheringham-Parker,Philip,Fotheringham-Parker,22/09/1907,British
loyer,http://en.wikipedia.org/wiki/Roger_Loyer,Roger,Loyer,05/08/1907,French
landi,http://en.wikipedia.org/wiki/Chico_Landi,Chico,Landi,14/07/1907,Brazilian
loof,http://en.wikipedia.org/wiki/Ernst_Loof,Ernst,Loof,04/07/1907,German
chaboud,http://en.wikipedia.org/wiki/Eug%C3%A8ne_Chaboud,Eugene,Chaboud,12/04/1907,French
krause,http://en.wikipedia.org/wiki/Rudolf_Krause,Rudolf,Krause,30/03/1907,East German
farina,http://en.wikipedia.org/wiki/Nino_Farina,Nino,Farina,30/10/1906,Italian
taruffi,http://en.wikipedia.org/wiki/Piero_Taruffi,Piero,Taruffi,12/10/1906,Italian
cantoni,http://en.wikipedia.org/wiki/Eitel_Cantoni,Eitel,Cantoni,04/10/1906,Uruguayan
sommer,http://en.wikipedia.org/wiki/Raymond_Sommer,Raymond,Sommer,31/08/1906,French
george_connor,http://en.wikipedia.org/wiki/George_Connor_(driver),George,Connor,16/08/1906,American
comotti,http://en.wikipedia.org/wiki/Franco_Comotti,Franco,Comotti,24/07/1906,Italian
harrison,http://en.wikipedia.org/wiki/Cuth_Harrison,Cuth,Harrison,06/07/1906,British
rose,http://en.wikipedia.org/wiki/Mauri_Rose,Mauri,Rose,26/05/1906,American
ulmen,http://en.wikipedia.org/wiki/Toni_Ulmen,Toni,Ulmen,25/01/1906,German
levegh,http://en.wikipedia.org/wiki/Pierre_Levegh,Pierre,Levegh,22/12/1905,French
rosier,http://en.wikipedia.org/wiki/Louis_Rosier,Louis,Rosier,05/11/1905,French
grignard,http://en.wikipedia.org/wiki/Georges_Grignard,Georges,Grignard,25/07/1905,French
cabantous,http://en.wikipedia.org/wiki/Yves_Giraud_Cabantous,Yves,Cabantous,08/10/1904,French
jover,http://en.wikipedia.org/wiki/Juan_Jover,Juan,Jover,23/11/1903,Spanish
bonetto,http://en.wikipedia.org/wiki/Felice_Bonetto,Felice,Bonetto,09/06/1903,Italian
klodwig,http://en.wikipedia.org/wiki/Ernst_Klodwig,Ernst,Klodwig,23/05/1903,East German
miller,http://en.wikipedia.org/wiki/Chet_Miller,Chet,Miller,19/07/1902,American
schoeller,http://en.wikipedia.org/wiki/Rudolf_Schoeller,Rudolf,Schoeller,27/04/1902,Swiss
hans_stuck,http://en.wikipedia.org/wiki/Hans_Von_Stuck,Hans,von Stuck,27/12/1900,German
aston,http://en.wikipedia.org/wiki/Bill_Aston,Bill,Aston,29/03/1900,British
brudes,http://en.wikipedia.org/wiki/Adolf_Brudes,Adolf,Brudes,1899-10-15,German
dusio,http://en.wikipedia.org/wiki/Piero_Dusio,Piero,Dusio,1899-10-13,Italian
chiron,http://en.wikipedia.org/wiki/Louis_Chiron,Louis,Chiron,1899-08-03,Monegasque
legat,http://en.wikipedia.org/wiki/Arthur_Legat,Arthur,Legat,1898-11-01,Belgian
biondetti,http://en.wikipedia.org/wiki/Clemente_Biondetti,Clemente,Biondetti,1898-08-18,Italian
fagioli,http://en.wikipedia.org/wiki/Luigi_Fagioli,Luigi,Fagioli,1898-06-09,Italian
etancelin,http://en.wikipedia.org/wiki/Philippe_%C3%89tancelin,Philippe,Etancelin,1896-12-28,French